,nav,ew_market,exposure,drawdown
2008-01-02,1.0,1.0,0.0,0.0
2008-01-03,1.0000826446280993,1.019056915052472,0.0,0.0
2008-01-04,1.000165296086333,1.024900943662626,0.0,0.0
2008-01-07,1.0002479543752658,1.0429275314669955,0.0,0.0
2008-01-08,1.000330619495462,1.0165965889190867,0.0,0.0
2008-01-09,1.0004132914474866,1.0453210950900322,0.0,0.0
2008-01-10,1.0004959702319038,1.0522642804071263,0.0,0.0
2008-01-11,1.0005786558492782,1.048359865849339,0.0,0.0
2008-01-14,1.0006613483001747,1.0617641302528498,0.0,0.0
2008-01-15,1.0007440475851583,1.0703439952636231,0.0,0.0
2008-01-16,1.0008267537047935,1.0545513246192892,0.0,0.0
2008-01-17,1.0009094666596452,1.0267449251077894,0.0,0.0
2008-01-18,1.0009921864502782,1.0359797344308959,0.0,0.0
2008-01-21,1.0010749130772574,0.9888404236412673,0.0,0.0
2008-01-22,1.0011576465411482,0.902701844482886,0.0,0.0
2008-01-23,1.0012403868425153,0.9511982806002729,0.0,0.0
2008-01-24,1.0013231339819237,0.9804075916600766,0.0,0.0
2008-01-25,1.0014058879599386,0.9821530231455685,0.0,0.0
2008-01-28,1.0014886487771255,0.909552244055749,0.0,0.0
2008-01-29,1.0015714164340492,0.9256897593994736,0.0,0.0
2008-01-30,1.0016541909312753,0.9275391867435079,0.0,0.0
2008-01-31,1.0017369722693688,0.8931136783412037,0.0,0.0
2008-02-01,1.0018197604488952,0.855746421704168,0.0,0.0
2008-02-04,1.0019025554704197,0.9299299972163447,0.0,0.0
2008-02-05,1.0019853573345083,0.9336191860859355,0.0,0.0
2008-02-13,1.0020681660417259,0.9263410344932977,0.0,0.0
2008-02-14,1.0021509815926386,0.9445290458866946,0.0,0.0
2008-02-15,1.0022338039878116,0.9392963574356749,0.0,0.0
2008-02-18,1.0023166332278106,0.9684350823557664,0.0,0.0
2008-02-19,1.0023994693132015,0.9891100474878545,0.0,0.0
2008-02-20,1.0024823122445496,0.9795581787492703,0.0,0.0
2008-02-21,1.002565162022421,0.9886445501766977,0.0,0.0
2008-02-22,1.0026480186473816,0.9626919888722629,0.0,0.0
2008-02-25,1.0027308821199972,0.9272802390710546,0.0,0.0
2008-02-26,1.0028137524408336,0.9255833253508547,0.0,0.0
2008-02-27,1.002896629610457,0.9501413093112282,0.0,0.0
2008-02-28,1.002979513629433,0.9525567114425337,0.0,0.0
2008-02-29,1.003062404498328,0.966044126418074,0.0,0.0
2008-03-03,1.003145302217708,1.0010198592701784,0.0,0.0
2008-03-04,1.0032282067881393,0.9915998864097197,0.0,0.0
2008-03-05,1.003311118210188,0.9950843289213348,0.0,0.0
2008-03-06,1.0033940364844203,0.997719243445335,0.0,0.0
2008-03-07,1.0034769616114023,0.9772009589497374,0.0,0.0
2008-03-10,1.003559893591701,0.943140874432514,0.0,0.0
2008-03-11,1.003642832425882,0.9551688540881844,0.0,0.0
2008-03-12,1.0037257781145124,0.9268483191147444,0.0,0.0
2008-03-13,1.0038087306581582,0.8890048731566687,0.0,0.0
2008-03-14,1.0038916900573862,0.8818810401425404,0.0,0.0
2008-03-17,1.0039746563127627,0.8131923637336501,0.0,0.0
2008-03-18,1.0039746563127627,0.7543200172511214,1.0,0.0
2008-03-19,1.0204032539588885,0.7913993323016288,1.0,0.0
2008-03-20,1.0674575575357645,0.8239565477658713,1.0,0.0
2008-03-21,1.081517861192637,0.8345862789358851,1.0,0.0
2008-03-24,1.0452679344025295,0.8105720548366787,1.0,-0.033517640430027806
2008-03-25,1.0558188856246715,0.8217939342863282,1.0,-0.02376195205840259
2008-03-26,1.0485709659457714,0.8195407144400807,1.0,-0.030463570162894693
2008-03-27,1.0018097598331739,0.7740668643621894,1.0,-0.0737002172775636
2008-03-28,1.0411542227009747,0.8010323574089336,1.0,-0.03732128699858139
2008-03-31,1.0123803041921506,0.7617438015461528,1.0,-0.06392641257375575
2008-04-01,0.9510054015821938,0.6996698354571129,1.0000000000000002,-0.12067526972372089
2008-04-02,0.9151382182739431,0.6649548202068476,1.0000000000000002,-0.15383901541415113
2008-04-03,0.9556383791723931,0.6854605010634861,1.0000000000000002,-0.11639149618983735
2008-04-07,1.0121410501155979,0.7324677754153351,1.0,-0.06414763321664829
2008-04-08,1.039467496839794,0.751063290810376,1.0,-0.03888087831159104
2008-04-09,0.9629771549026563,0.7055907197582767,1.0000000000000002,-0.10960587017884349
2008-04-10,0.9906552475795906,0.7288563139249529,1.0000000000000002,-0.0840139741315491
2008-04-11,1.006731376125044,0.7390012417970832,1.0,-0.06914956077112089
2008-04-14,0.9483900296749495,0.6886537117757554,1.0000000000000002,-0.12309351171591532
2008-04-15,0.966831207781371,0.7115225751453738,1.0000000000000002,-0.10604231102091655
2008-04-16,0.9384968407954795,0.6910501879140704,0.0,-0.1322410156402244
2008-04-17,0.9385744025178593,0.6652084328878938,0.0,-0.13216930002168226
2008-04-18,0.9386131865840799,0.6326456403975654,0.49997933969670644,-0.13213343924895504
2008-04-21,0.8921821496997143,0.6278912834772984,0.9999999999999999,-0.17506480316851536
2008-04-22,0.903160864713223,0.6225566258652482,0.9999999999999999,-0.1649135930891904
2008-04-23,0.9505443692774551,0.6559468734707854,0.9999999999999999,-0.12110155237820275
2008-04-24,1.0346398757033604,0.7191677968834393,0.9999999999999998,-0.04334462441293596
2008-04-25,1.0498024905841477,0.7283996066952497,0.9999999999999998,-0.02932486993188954
2008-04-28,1.0331210809367177,0.7238663038305269,0.9999999999999998,-0.04474894219735781
2008-04-29,1.0526641726078583,0.7324611141679837,0.9999999999999998,-0.026678883095800687
2008-04-30,1.112005506675731,0.7643483801579783,0.9999999999999998,0.0
2008-05-05,1.176746408289773,0.7919036121254951,0.9999999999999998,0.0
2008-05-06,1.1768493072156805,0.7874572173922666,0.9999999999999998,0.0
2008-05-07,1.1247769128360279,0.7493014591068002,0.9999999999999998,-0.04424729152694251
2008-05-08,1.1724965563248593,0.7773177574198783,0.9999999999999998,-0.003698647621350415
2008-05-09,1.177137996410908,0.7768587856471061,0.9999999999999998,0.0
2008-05-12,1.1916541245837713,0.7915697242624812,0.9999999999999998,0.0
2008-05-13,1.1693001552946765,0.7882843318753912,0.9999999999999998,-0.0187587730600125
2008-05-14,1.209607792448169,0.8095129248408994,0.9999999999999998,0.0
2008-05-15,1.2227522802136377,0.8029125323592204,0.9999999999999998,0.0
2008-05-16,1.2089376024837806,0.7951765148753264,0.9999999999999998,-0.011298018374943042
2008-05-19,1.213066008096738,0.7945408588242908,0.9999999999999998,-0.007921696220601127
2008-05-20,1.1286191444215425,0.7427025254141368,0.5692417399387205,-0.07698463320440374
2008-05-21,1.1428866037541732,0.7613976610810125,0.0,-0.06531631774631452
2008-05-22,1.1429810571924999,0.749741086984421,0.0,-0.06523907116100436
2008-05-23,1.143075518436896,0.7383730131310973,0.0,-0.06516181819167877
2008-05-26,1.1431699874880066,0.7150346246855948,0.0,-0.06508455883781017
2008-05-27,1.1432644643464767,0.7190811836461973,0.0,-0.06500729309887121
2008-05-28,1.1433589490129514,0.7409599770915525,0.0,-0.06493002097433398
2008-05-29,1.1434534414880766,0.7219179579412767,0.0,-0.06485274246367068
2008-05-30,1.143547941772497,0.7240571868292766,0.0,-0.06477545756635372
2008-06-02,1.1436424498668585,0.7302599220196057,0.0,-0.06469816628185499
2008-06-03,1.1437369657718062,0.7260912470789462,0.0,-0.06462086860964678
2008-06-04,1.1438314894879857,0.7107145672362849,0.0,-0.0645435645492013
2008-06-05,1.1439260210160425,0.7003389721751302,0.0,-0.06446625409999052
2008-06-06,1.1440205603566225,0.694795181305484,0.0,-0.06438893726148631
2008-06-10,1.144115107510371,0.6319245516203946,0.0,-0.06431161403316077
2008-06-11,1.1442096624779339,0.6163595209452978,0.0,-0.06423428441448575
2008-06-12,1.1442687642166982,0.610457608724578,0.37498063116574565,-0.06418594940851552
2008-06-13,1.1200874579039282,0.5775284943172828,1.0,-0.08396207798669741
2008-06-16,1.1117914358159269,0.5642410020640408,1.0,-0.09074679000257013
2008-06-17,1.0556043450202774,0.5316497161942421,1.0,-0.13669811776115137
2008-06-18,1.1139927487304038,0.5666872817466405,1.0,-0.08894649655793863
2008-06-19,1.0263004499747928,0.519232274114852,1.0,-0.16066363843093479
2008-06-20,1.0388500088070403,0.5338323572687703,1.0,-0.15040026862551936
2008-06-23,1.0224658759941916,0.5228365113394151,1.0,-0.16379965710180666
2008-06-24,1.0573541637400576,0.540325091966903,1.0,-0.1352670685224009
2008-06-25,1.1100667098373653,0.572059053639486,1.0,-0.09215731771654034
2008-06-26,1.1254195287679052,0.5800690452857212,1.0,-0.07960136572284837
2008-06-27,1.0570170333748992,0.5394616213853012,1.0,-0.13554278288467514
2008-06-30,1.05332449608462,0.5403465758243694,1.0,-0.13856264009535557
2008-07-01,1.0236945409588845,0.529378788608699,1.0,-0.16279482154797054
2008-07-02,1.0352619470797195,0.5387853344517326,1.0,-0.15333468288536756
2008-07-03,1.0722574840647816,0.5628119417513989,1.0,-0.12307872868784331
2008-07-04,1.0699482335141448,0.559649706893862,1.0,-0.12496729646073135
2008-07-07,1.1235951877955643,0.5895418158014789,1.0,-0.0810933612822613
2008-07-08,1.1455059052943848,0.5994100652886147,1.0,-0.06317418185943313
2008-07-09,1.1797245777347702,0.6175759047738532,1.0,-0.03518922285006876
2008-07-10,1.1648774410532146,0.6028285096862024,0.6518629038345033,-0.04733161417643095
2008-07-11,1.1596613736527708,0.5996957662951088,0.0,-0.05159745565949281
2008-07-14,1.1597572134357175,0.6111576334076007,0.0,-0.051519075283927296
2008-07-15,1.1598530611393072,0.5908095484743964,0.0,-0.051440688430644976
2008-07-16,1.1599489167641945,0.5600349264529533,0.0,-0.0513622950991105
2008-07-17,1.1600447803110348,0.54914344936794,0.0,-0.05128389528878796
2008-07-18,1.1601406517804818,0.5692343066739871,0.0,-0.05120548899914257
2008-07-21,1.160236531173191,0.5931856197634527,0.0,-0.0511270762296383
2008-07-22,1.160332418489817,0.5938007433343482,0.0,-0.051048656979739815
2008-07-23,1.1604283137310145,0.5875716317449929,0.0,-0.050970231248911646
2008-07-24,1.1605242168974383,0.6036821244743337,0.0,-0.050891799036618335
2008-07-25,1.160620127989744,0.5968950171774405,0.0,-0.050813360342323866
2008-07-28,1.160716047008586,0.6043974948156764,0.0,-0.05073491516549278
2008-07-29,1.1608119739546197,0.5910935911273614,0.0,-0.05065646350558917
2008-07-30,1.1609079088285004,0.5862596487774481,0.0,-0.050578005362077016
2008-07-31,1.1610038516308827,0.5645044822523191,0.0,-0.0504995407344212
2008-08-01,1.1610998023624226,0.5725172646207577,0.0,-0.050421069622085035
2008-08-04,1.1611957610237746,0.5562532456279742,0.0,-0.050342592024533395
2008-08-05,1.1612917276155947,0.5362623037099841,0.0,-0.0502641079412296
2008-08-06,1.1613613091447286,0.5375594379754066,0.27498352371448825,-0.0502072022782758
2008-08-07,1.1618989095906407,0.5391782813380744,0.300249589371671,-0.049767538043245185
2008-08-08,1.1487739671420945,0.5011319105771469,0.2921963278441627,-0.06050147218586077
2008-08-11,1.1253218602476327,0.462321743720941,1.0000000000000002,-0.07968124168943036
2008-08-12,1.1515005903863391,0.45412849891952634,1.0000000000000002,-0.05827156569673264
2008-08-13,1.1716925774790516,0.45715403946902344,1.0000000000000002,-0.041758010646003374
2008-08-14,1.1722053766233935,0.45881394848661833,1.0000000000000002,-0.0413386295884991
2008-08-15,1.156556051576251,0.4560934074167375,1.0000000000000002,-0.05413707233146281
2008-08-18,1.0617345611438729,0.4201144431010808,1.0000000000000002,-0.13168466064249085
2008-08-19,1.0747566301916136,0.4267204796062449,1.0000000000000002,-0.12103485915901668
2008-08-20,1.1716713110806865,0.4641035646852177,1.0000000000000002,-0.04177540288375203
2008-08-21,1.1232395456614732,0.44835683092055667,1.0000000000000002,-0.08138421507157423
2008-08-22,1.101500443917579,0.43893068236906296,1.0000000000000002,-0.09916304247240793
2008-08-25,1.0833222400160178,0.43528481257328105,1.0000000000000002,-0.11402967097575878
2008-08-26,1.0318752264225388,0.4119809671604057,1.0000000000000002,-0.15610443495370063
2008-08-27,1.0251169475293282,0.41191819677727814,1.0000000000000002,-0.16163153885084458
2008-08-28,1.0321857306121824,0.4127654748632928,1.0000000000000002,-0.15585049620039126
2008-08-29,1.0686050347825207,0.42633402167778617,1.0000000000000002,-0.12606580083758634
2008-09-01,1.01899438627572,0.4114288619268535,1.0000000000000002,-0.16663873560907805
2008-09-02,1.0065764269572173,0.40896839154973097,1.0000000000000002,-0.17679447976056972
2008-09-03,0.9664601871611584,0.39982620399567914,0.9999999999999999,-0.20960262941214902
2008-09-04,0.9748543064326017,0.4029482505218598,1.0,-0.2027376908573203
2008-09-05,0.9224972988071302,0.3854313168475575,1.0,-0.24555667265167347
2008-09-08,0.8851214455895384,0.36760398852820686,0.5656653294057602,-0.2761236597858634
2008-09-09,0.8819241349854299,0.3709118825322065,0.7647963403365401,-0.2787385071722449
2008-09-10,0.8803281178820274,0.372970322081831,0.7643504472902034,-0.280043773274978
2008-09-11,0.8598444584285911,0.36295940714193703,1.0,-0.2967958658982339
2008-09-12,0.8646130061476021,0.36191949137873614,1.0,-0.29289601815623845
2008-09-16,0.8407094526452525,0.35064770457665384,1.0,-0.3124449929479053
2008-09-17,0.8399414807644596,0.34455353186394627,1.0,-0.3130730611946141
2008-09-18,0.8365913849160793,0.340007041036548,1.0,-0.31581286050032054
2008-09-19,0.920231971491763,0.3740215142408874,1.0,-0.24740931881069061
2008-09-22,0.990587957789447,0.3986308462366055,1.0,-0.1898702837696833
2008-09-23,0.9486325623526763,0.3809058585603528,1.0,-0.2241825448185364
2008-09-24,0.9753423520709342,0.38829284068251724,1.0,-0.20233855388883537
2008-09-25,1.0125213227132377,0.40291590862751836,1.0,-0.1719325826680681
2008-09-26,1.0134404320889945,0.40551562120337387,1.0,-0.17118091007613778
2008-10-06,0.9523701180862859,0.3875806879215794,1.0,-0.22112587030310915
2008-10-07,0.9408778981055295,0.38410678161628325,1.0,-0.23052451969981969
2008-10-08,0.9099666365495959,0.3708423469803006,1.0,-0.2558045883254393
2008-10-09,0.8822330980962314,0.36338437528349643,0.7680055658485994,-0.27848582875503713
2008-10-10,0.8346760443261411,0.3392835550151367,0.7356550024586868,-0.3173792780167153
2008-10-13,0.8461308398845832,0.3510915437011083,0.7392121154366323,-0.30801123532826435
2008-10-14,0.8278738860967831,0.340042227379588,0.4654274308001324,-0.32294226762583667
2008-10-15,0.8088840117888609,0.33426037284426324,0.2708406235050103,-0.3384727022160746
2008-10-16,0.7974633670084268,0.3137279849015517,0.2603370507785761,-0.3478128154714256
2008-10-17,0.7991221954302785,0.3173972064425755,0.0,-0.3464561805677787
2008-10-20,0.7991882385869256,0.331120765398436,0.0,-0.34640216868187523
2008-10-21,0.7992542872016849,0.32964215492672055,0.0,-0.3463481523321795
2008-10-22,0.7993203412750073,0.32027347636435377,0.0,-0.34629413151832267
2008-10-23,0.7993864008073441,0.3244543600247883,0.0,-0.34624010623993573
2008-10-24,0.7994524657991463,0.31683957542209285,0.0,-0.3461860764966498
2008-10-27,0.7994524657991463,0.2907350208553505,1.0,-0.3461860764966498
2008-10-28,0.8495703311779821,0.3004428110035728,1.0,-0.3051983260014479
2008-10-29,0.8127734558675244,0.2856669884137626,1.0,-0.33529180928984437
2008-10-30,0.8429239165936628,0.29075756286094806,1.0,-0.3106339442308067
2008-10-31,0.829030441511774,0.2839185836150129,1.0,-0.3219964052187849
2008-11-03,0.8210296576722959,0.280879687807304,1.0,-0.3285396633823111
2008-11-04,0.7949981598158192,0.27546853702199164,1.0,-0.34982892881874794
2008-11-05,0.8316903734800857,0.28550477056135903,1.0,-0.319821040665102
2008-11-06,0.8079495353010948,0.27851124145092765,1.0,-0.3392369424492663
2008-11-07,0.8226366076194792,0.28275352106339924,1.0,-0.32722545610321885
2008-11-10,0.8920826362228088,0.3065331733853935,1.0,-0.27043060916071626
2008-11-11,0.8973726979523282,0.30451261950897135,1.0,-0.2661042531071458
2008-11-12,0.9113600328469433,0.31116903012484176,1.0,-0.25466503101698434
2008-11-13,0.9616647903439566,0.3266952931085697,1.0,-0.21352443507532393
2008-11-14,1.0079159582384414,0.34419051577623405,1.0,-0.1756989747241856
2008-11-17,1.054472569422142,0.3573623049270341,1.0,-0.13762371456145972
2008-11-18,0.9724604299922701,0.3290957601879765,1.0,-0.20469546797952964
2008-11-19,1.0384040063848325,0.352359799302582,1.0,-0.1507650215108134
2008-11-20,1.0477964873779775,0.3498727430260879,1.0,-0.14308359564464856
2008-11-21,1.0345388522561634,0.3465947667295695,1.0,-0.15392604945671406
2008-11-24,0.9763857814251105,0.33012860756044116,0.0,-0.20148520904453548
2008-11-25,0.9764664744648976,0.32822070130012604,0.0,-0.2014192160866053
2008-11-26,0.9765471741735312,0.3293225526391012,0.0,-0.2013532176747116
2008-11-27,0.9766278805515621,0.33492360240277674,0.0,-0.20128721380840364
2008-11-28,0.9767085935995417,0.3294239408446963,0.0,-0.2012212044872307
2008-12-01,0.9767893133180209,0.34205814968863935,0.0,-0.2011551897107421
2008-12-02,0.9768700397075513,0.3464306134088975,0.0,-0.20108916947848687
2008-12-03,0.9769507727686843,0.3630756984017198,0.0,-0.20102314379001385
2008-12-04,0.9770315125019708,0.36509048037399966,0.0,-0.2009571126448726
2008-12-05,0.9771122589079627,0.37514491346542483,0.0,-0.20089107604261192
2008-12-08,0.9771930119872113,0.3925013743764876,0.0,-0.20082503398278073
2008-12-09,0.9772737717402681,0.3824379500755473,0.0,-0.20075898646492807
2008-12-10,0.9773545381676846,0.3931364512782199,0.0,-0.20069293348860284
2008-12-11,0.9774353112700125,0.380485204284034,0.0,-0.20062687505335397
2008-12-12,0.9775160910478033,0.3615753841745647,0.0,-0.20056081115873037
2008-12-15,0.977596877501609,0.36737522620165447,0.0,-0.20049474180428062
2008-12-16,0.977677670631981,0.3736703720691106,0.0,-0.20042866698955375
2008-12-17,0.9777584704394712,0.3767439384327602,0.0,-0.20036258671409835
2008-12-18,0.9778392769246315,0.38360340345427285,0.0,-0.2002965009774632
2008-12-19,0.9779200900880136,0.38620362343115594,0.0,-0.20023040977919693
2008-12-22,0.9780009099301696,0.3835456763310207,0.0,-0.20016431311884808
2008-12-23,0.9780817364516514,0.3583744709902149,0.0,-0.20009821099596536
2008-12-24,0.9781625696530111,0.3496752765280806,0.0,-0.20003210341009725
2008-12-25,0.9782434095348007,0.34817558654651876,0.0,-0.1999659903607922
2008-12-26,0.9783242560975722,0.3447911516450185,0.0,-0.19989987184759883
2008-12-29,0.9784051093418777,0.3450202535633148,0.0,-0.1998337478700657
2008-12-30,0.9784859692682696,0.34167163645258636,0.0,-0.19976761842774093
2008-12-31,0.9785668358773,0.33561491119440157,0.0,-0.19970148352017303
2009-01-05,0.9786477091695213,0.3519480984383557,0.0,-0.19963534314691023
2009-01-06,0.9787285891454857,0.3659182848200404,0.0,-0.1995691973075009
2009-01-07,0.9788094758057456,0.36720489885467184,0.0,-0.19950304600149316
2009-01-08,0.9788903691508535,0.35879484792323235,0.0,-0.1994368892284355
2009-01-09,0.9789712691813618,0.36854203350703146,0.0,-0.19937072698787595
2009-01-12,0.979052175897823,0.37326536567643176,0.0,-0.19930455927936253
2009-01-13,0.9791330893007898,0.3620344020701686,0.0,-0.1992383861024435
2009-01-14,0.9792140093908146,0.37845950418093244,0.0,-0.19917220745666686
2009-01-15,0.9792949361684502,0.3824207123573748,0.0,-0.19910602334158067
2009-01-16,0.9793758696342493,0.38656083330043023,0.0,-0.19903983375673284
2009-01-19,0.9794568097887646,0.38780087356451165,0.0,-0.19897363870167128
2009-01-20,0.9795377566325488,0.39159989368860637,0.0,-0.19890743817594414
2009-01-21,0.9796187101661548,0.3913576476318309,0.0,-0.19884123217909921
2009-01-22,0.9796996703901354,0.39936599665068556,0.0,-0.1987750207106843
2009-01-23,0.9797806373050436,0.3965329505661633,0.0,-0.19870880377024724
2009-02-02,0.9798616109114324,0.4072492886823574,0.0,-0.1986425813573357
2009-02-03,0.9799425912098549,0.4188118097299119,0.0,-0.19857635347149738
2009-02-04,0.9800235782008639,0.42846249113938445,0.0,-0.1985101201122802
2009-02-05,0.9801045718850128,0.42303019775865536,0.0,-0.19844388127923163
2009-02-06,0.9801855722628545,0.4422258411527675,0.0,-0.19837763697189936
2009-02-09,0.9802665793349423,0.4581895098227988,0.0,-0.198311387189831
2009-02-10,0.9803475931018295,0.47081432196620165,0.0,-0.19824513193257387
2009-02-11,0.9804286135640694,0.47127307411354535,0.0,-0.1981788711996757
2009-02-12,0.9805096407222151,0.4774250940766015,0.0,-0.19811260499068395
2009-02-13,0.9805906745768204,0.4943312976956924,0.0,-0.19804633330514598
2009-02-16,0.9806717151284382,0.5040160638289194,0.0,-0.19798005614260927
2009-02-17,0.9807527623776223,0.48513404714127495,0.0,-0.19791377350262107
2009-02-18,0.9808338163249263,0.46531336641331733,0.0,-0.19784748538472874
2009-02-19,0.9809148769709035,0.4742261157927366,0.0,-0.19778119178847953
2009-02-20,0.9809959443161077,0.4899261575790678,0.0,-0.1977148927134208
2009-02-23,0.9810770183610925,0.5067952606297439,0.0,-0.19764858815909958
2009-02-24,0.9811580991064116,0.4859982413893474,0.0,-0.19758227812506313
2009-02-25,0.9812391865526189,0.4883594722328192,0.0,-0.19751596261085846
2009-02-26,0.9813202807002678,0.4536722976436683,0.0,-0.19744964161603296
2009-02-27,0.9814013815499125,0.42652361111572,0.0,-0.1973833151401334
2009-03-02,0.9814824891021067,0.4368463330084447,0.0,-0.19731698318270707
2009-03-03,0.9815636033574043,0.4394169960344677,0.0,-0.19725064574330065
2009-03-04,0.9816447243163595,0.4672954148455458,0.0,-0.19718430282146127
2009-03-05,0.9817258519795262,0.47113392886135647,0.0,-0.19711795441673574
2009-03-06,0.9818069863474583,0.46722423452051065,0.0,-0.197051600528671
2009-03-09,0.9818881274207103,0.44585460399051263,0.0,-0.19698524115681382
2009-03-10,0.9819692751998359,0.45723562461087286,0.0,-0.19691887630071114
2009-03-11,0.9820504296853896,0.4543194247060174,0.0,-0.19685250595990955
2009-03-12,0.9821315908779256,0.45582189369919407,0.0,-0.19678613013395585
2009-03-13,0.9822127587779981,0.4515298195763552,0.0,-0.19671974882239673
2009-03-16,0.9822939333861616,0.4582684781111549,0.0,-0.19665336202477868
2009-03-17,0.9823751147029703,0.4760291355039926,0.0,-0.1965869697406485
2009-03-18,0.9824563027289789,0.4819381416299223,0.0,-0.19652057196955264
2009-03-19,0.9825374974647416,0.4938328656661278,0.0,-0.1964541687110377
2009-03-20,0.9826186989108131,0.4930110784753196,0.0,-0.1963877599646502
2009-03-23,0.9826999070677479,0.5045429520762282,0.0,-0.19632134572993654
2009-03-24,0.9827811219361006,0.5081705780447109,0.0,-0.19625492600644312
2009-03-25,0.9828623435164259,0.4945296403202998,0.0,-0.1961885007937164
2009-03-26,0.9829435718092785,0.5087617898626356,0.0,-0.19612207009130267
2009-03-27,0.9830248068152131,0.5140818324012324,0.0,-0.19605563389874825
2009-03-30,0.9831060485347846,0.5141485533393287,0.0,-0.1959891922155994
2009-03-31,0.9831872969685478,0.5199801344946848,0.0,-0.1959227450414024
2009-04-01,0.9832685521170575,0.5300222235865962,0.0,-0.19585629237570334
2009-04-02,0.9833498139808688,0.5312133503861931,0.0,-0.1957898342180484
2009-04-03,0.9834310825605367,0.5260839954806467,0.0,-0.19572337056798383
2009-04-07,0.9835123578566161,0.5327260312133522,0.0,-0.19565690142505554
2009-04-08,0.9835936398696622,0.5129463754987057,0.0,-0.19559042678880956
2009-04-09,0.9836749286002299,0.5223358105643509,0.0,-0.19552394665879214
2009-04-10,0.9837562240488745,0.5405530799226378,0.0,-0.19545746103454908
2009-04-13,0.9838375262161514,0.5498920736493271,0.0,-0.1953909699156262
2009-04-14,0.9839188351026155,0.5581788709136474,0.0,-0.19532447330156977
2009-04-15,0.9840001507088223,0.5657385783965866,0.0,-0.19525797119192523
2009-04-16,0.9840814730353271,0.5683732114880337,0.0,-0.19519146358623862
2009-04-17,0.9841628020826854,0.5596447355812587,0.0,-0.19512495048405576
2009-04-20,0.9842441378514525,0.5744061959018981,0.0,-0.19505843188492222
2009-04-21,0.984325480342184,0.5721408067751165,0.0,-0.19499190778838382
2009-04-22,0.9844068295554355,0.5432657089858218,0.0,-0.19492537819398614
2009-04-23,0.9844881854917623,0.5477420256142085,0.0,-0.19485884310127488
2009-04-24,0.9845695481517204,0.5425459495630145,0.0,-0.19479230250979562
2009-04-27,0.9846509175358651,0.5213476794757612,0.0,-0.19472575641909406
2009-04-28,0.9847322936447523,0.527783185110909,0.0,-0.19465920482871546
2009-04-29,0.9848136764789378,0.5419234829945084,0.0,-0.1945926477382055
2009-04-30,0.9848950660389775,0.5488894204764087,0.0,-0.19452608514710934
2009-05-04,0.9849764623254269,0.5681850750653112,0.0,-0.19445951705497277
2009-05-05,0.9850578653388422,0.5746215579762572,0.0,-0.19439294346134106
2009-05-06,0.9851392750797793,0.5840139064789462,0.0,-0.19432636436575934
2009-05-07,0.9852206915487942,0.5810194743767639,0.0,-0.19425977976777298
2009-05-08,0.9853021147464428,0.5817814671909239,0.0,-0.19419318966692733
2009-05-11,0.9853835446732814,0.5586990393857707,0.0,-0.19412659406276755
2009-05-12,0.9854649813298659,0.5728350620111682,0.0,-0.1940599929548389
2009-05-13,0.9855464247167527,0.5779016846346796,0.0,-0.19399338634268648
2009-05-14,0.9856278748344979,0.5796509059557474,0.0,-0.19392677422585525
2009-05-15,0.9857093316836578,0.5833495268957626,0.0,-0.19386015660389044
2009-05-18,0.9857907952647886,0.588284189622511,0.0,-0.1937935334763371
2009-05-19,0.9858722655784469,0.5947585077694229,0.0,-0.19372690484274002
2009-05-20,0.9859537426251889,0.5909599540238922,0.0,-0.19366027070264447
2009-05-21,0.9860352264055711,0.5791460204297677,0.0,-0.19359363105559513
2009-05-22,0.98611671692015,0.5793853602022754,0.0,-0.19352698590113693
2009-05-25,0.9861982141694823,0.5818916355437033,0.0,-0.19346033523881467
2009-05-26,0.9862797181541245,0.5820448344204359,0.0,-0.19339367906817317
2009-05-27,0.9863612288746331,0.5833516332036276,0.0,-0.19332701738875735
2009-06-01,0.9864427463315648,0.5951114774156522,0.0,-0.19326035020011179
2009-06-02,0.9865242705254765,0.598509198369916,0.0,-0.19319367750178118
2009-06-03,0.9866058014569249,0.6042663957326508,0.0,-0.19312699929331034
2009-06-04,0.9866873391264669,0.6035364300216866,0.0,-0.19306031557424352
2009-06-05,0.9867688835346592,0.5999025482018636,0.0,-0.19299362634412576
2009-06-08,0.9868504346820587,0.5987341775151442,0.0,-0.1929269316025013
2009-06-09,0.9869319925692226,0.6014630883682893,0.0,-0.1928602313489146
2009-06-10,0.9870135571967077,0.6083546802472783,0.0,-0.1927935255829104
2009-06-11,0.9870951285650711,0.6038422298882828,0.0,-0.19272681430403293
2009-06-12,0.9871767066748698,0.5903704206465489,0.0,-0.19266009751182667
2009-06-15,0.9872582915266611,0.5991828391922025,0.0,-0.19259337520583597
2009-06-16,0.9873398831210022,0.5982317052662863,0.0,-0.192526647385605
2009-06-17,0.9874214814584503,0.6074586836942878,0.0,-0.19245991405067808
2009-06-18,0.9875030865395625,0.6130627647507858,0.0,-0.19239317520059973
2009-06-19,0.9875846983648964,0.6139279038931748,0.0,-0.19232643083491374
2009-06-22,0.9876663169350092,0.6096183431402394,0.0,-0.1922596809531646
2009-06-23,0.9877479422504584,0.6078603070687341,0.0,-0.1921929255548963
2009-06-24,0.9878295743118014,0.616767721688435,0.0,-0.19212616463965282
2009-06-25,0.9879112131195957,0.6160158576274452,0.0,-0.19205939820697848
2009-06-26,0.987992858674399,0.6192051948375148,0.0,-0.191992626256417
2009-06-29,0.9880745109767688,0.624454290874469,0.0,-0.19192584878751262
2009-06-30,0.9881561700272627,0.6203479958115493,0.0,-0.19185906579980916
2009-07-01,0.9882378358264385,0.6283585015237079,0.0,-0.19179227729285042
2009-07-02,0.9883195083748539,0.6351809437689664,0.0,-0.19172548326618044
2009-07-03,0.9884011876730668,0.6417063894363735,0.0,-0.1916586837193428
2009-07-06,0.9884828737216348,0.6448045018242693,0.0,-0.19159187865188165
2009-07-07,0.9885645665211159,0.6452002126695414,0.0,-0.19152506806334058
2009-07-08,0.9886462660720682,0.6524931828492302,0.0,-0.19145825195326305
2009-07-09,0.9887279723750493,0.665293384347841,0.0,-0.1913914303211931
2009-07-10,0.9888096854306174,0.668387546133805,0.0,-0.1913246031666742
2009-07-13,0.9888914052393307,0.672663599942149,0.0,-0.19125777048924997
2009-07-14,0.9889731318017472,0.6849792536683718,0.0,-0.19119093228846396
2009-07-15,0.989054865118425,0.6932364116371706,0.0,-0.19112408856385976
2009-07-16,0.9891366051899224,0.6901007436972539,0.0,-0.19105723931498064
2009-07-17,0.9892183520167976,0.6958313792242908,0.0,-0.1909903845413703
2009-07-20,0.9893001055996089,0.7106119530697823,0.0,-0.19092352424257208
2009-07-21,0.9893818659389146,0.6937730451037144,0.0,-0.19085665841812938
2009-07-22,0.9894636330352733,0.7063286422127696,0.0,-0.19078978706758531
2009-07-23,0.9895454068892431,0.7136148589666751,0.0,-0.1907229101904836
2009-07-24,0.9896271875013827,0.710828206214782,0.0,-0.19065602778636703
2009-07-27,0.9897089748722505,0.7244275044222823,0.0,-0.1905891398547792
2009-07-28,0.9897907690024053,0.7334540235746471,0.0,-0.19052224639526305
2009-07-29,0.9898725698924055,0.6875304663379073,0.0,-0.1904553474073618
2009-07-30,0.9899543775428098,0.6961840725817284,0.0,-0.19038844289061863
2009-07-31,0.9900361919541769,0.7186309145373917,0.0,-0.19032153284457665
2009-08-03,0.9901180131270657,0.7348992505642188,0.0,-0.19025461726877857
2009-08-04,0.990199841062035,0.7437627286647062,0.0,-0.19018769616276776
2009-08-05,0.9902816757596433,0.7447747636218608,0.0,-0.19012076952608703
2009-08-06,0.9903635172204499,0.7331258262198945,0.0,-0.1900538373582792
2009-08-07,0.9904453654450137,0.7113847368072298,0.0,-0.18998689965888726
2009-08-10,0.9905272204338935,0.7184456085718688,0.0,-0.18991995642745407
2009-08-11,0.9906090821876483,0.7223826539396045,0.0,-0.18985300766352253
2009-08-12,0.9906909507068373,0.6870224177881382,0.0,-0.18978605336663523
2009-08-13,0.9907728259920197,0.6896075876642491,0.0,-0.18971909353633498
2009-08-14,0.9908547080437546,0.6579741384079751,0.0,-0.18965212817216437
2009-08-17,0.9908547080437546,0.6122896730329945,1.0,-0.18965212817216437
2009-08-18,1.0266977240525614,0.6243378779751041,1.0,-0.1603387369082001
2009-08-19,0.9612768999917828,0.591769826227269,1.0,-0.21384166233259472
2009-08-20,1.0007505992196282,0.61585077641409,1.0,-0.18155899979611712
2009-08-21,1.0386099492583247,0.6335916792463616,1.0,-0.15059659583962492
2009-08-24,1.0647734544036231,0.6474349270409273,1.0,-0.12919937125973924
2009-08-25,1.056114920878527,0.6356153237273371,1.0,-0.13628055496735292
2009-08-26,1.1150994113725157,0.6555954057279467,1.0,-0.0880414378146267
2009-08-27,1.1344399701265533,0.6614207283827742,1.0,-0.07222420396685303
2009-08-28,1.0971606652928487,0.641922783668586,1.0,-0.10271223121239714
2009-08-31,1.0140664987358137,0.5949222264245945,1.0,-0.17066889578105116
2009-09-01,1.003486967454205,0.5893942470765866,1.0,-0.1793211235894182
2009-09-02,1.010326861062391,0.5932304779017433,1.0,-0.173727272963361
2009-09-03,1.0587437771663508,0.624284044324518,1.0,-0.13413060494856044
2009-09-04,1.0810077982706339,0.6348584118142478,1.0,-0.11592248424859897
2009-09-07,1.0975693613276154,0.6436222065942855,1.0,-0.10237798850323998
2009-09-08,1.120459376871212,0.6560654395011893,1.0,-0.08365791256144961
2009-09-09,1.1215854740306133,0.6615742738445419,1.0,-0.08273695974244977
2009-09-10,1.1149731558377398,0.6541970528224824,1.0,-0.08814469301751526
2009-09-11,1.1198999606172404,0.6660301326208005,1.0,-0.0841154183563878
2009-09-14,1.1430781136516743,0.6830176591680875,0.0,-0.06515969575459946
2009-09-15,1.1431725829172652,0.6893528049526718,0.0,-0.06508243622532306
2009-09-16,1.1432670599902337,0.6890273482159691,0.0,-0.06500517031096142
2009-09-17,1.1433615448712247,0.7051867643222751,0.0,-0.06492789801098708
2009-09-18,1.1434560375608835,0.6809798528007138,0.0,-0.06485061932487224
2009-09-21,1.1435505380598554,0.6903512928909992,0.0,-0.06477333425208931
2009-09-22,1.1436450463687862,0.6725532473271713,0.0,-0.06469604279210994
2009-09-23,1.1437395624883206,0.6521579087018091,0.0,-0.06461874494440689
2009-09-24,1.143834086419105,0.6475947459879224,0.0,-0.0645414407084518
2009-09-25,1.143928618161784,0.6410936115951059,0.0,-0.0644641300837171
2009-09-28,1.1440231577170041,0.6217978304079366,0.0,-0.06438681306967431
2009-09-29,1.1441177050854103,0.6100297908713673,0.0,-0.06430948966579597
2009-09-30,1.144212260267649,0.6163138564346127,0.0,-0.06423215987155328
2009-10-09,1.1443068232643654,0.6493721759036213,0.0,-0.06415482368641867
2009-10-12,1.1444013940762054,0.6523008325831384,0.0,-0.06407748110986378
2009-10-13,1.144495972703815,0.6635389755082974,0.0,-0.06400013214136047
2009-10-14,1.1445905591478402,0.6700086238792693,0.0,-0.06392277678038039
2009-10-15,1.1446851534089268,0.6728195428074655,0.0,-0.06384541502639529
2009-10-16,1.1447797554877208,0.6752575220267022,0.0,-0.06376804687887694
2009-10-19,1.1448743653848688,0.6917093220349279,0.0,-0.06369067233729653
2009-10-20,1.1449689831010161,0.701840809611258,0.0,-0.06361329140112615
2009-10-21,1.1450636086368096,0.6963182183892246,0.0,-0.063535904069837
2009-10-22,1.1451582419928952,0.697634827131637,0.0,-0.06345851034290062
2009-10-23,1.1452528831699196,0.70751734997217,0.0,-0.06338111021978832
2009-10-26,1.1453475321685287,0.7094844874839107,0.0,-0.06330370369997174
2009-10-27,1.145442188989369,0.6905891441339183,0.0,-0.0632262907829223
2009-10-28,1.145536853633087,0.6978665007567341,0.0,-0.06314887146811099
2009-10-29,1.1456315261003296,0.6829241195639657,0.0,-0.06307144575500911
2009-10-30,1.1457262063917426,0.6909857281963366,0.0,-0.06299401364308821
2009-11-02,1.1458208945079735,0.713612022968421,0.0,-0.06291657513181881
2009-11-03,1.1459155904496685,0.72909327466425,0.0,-0.06283913022067267
2009-11-04,1.1460102942174744,0.73486010832102,0.0,-0.06276167890912054
2009-11-05,1.146105005812038,0.7422162499027295,0.0,-0.06268422119663364
2009-11-06,1.146199725234006,0.7456220733590029,0.0,-0.06260675708268282
2009-11-09,1.1462944524840253,0.751883000268253,0.0,-0.06252928656673928
2009-11-10,1.146389187562743,0.7533248346855211,0.0,-0.06245180964827368
2009-11-11,1.146483930470806,0.7561702240893363,0.0,-0.06237432632675699
2009-11-12,1.1465786812088616,0.7587228074529234,0.0,-0.062296836601659855
2009-11-13,1.1466734397775564,0.7674898632061307,0.0,-0.06221934047245359
2009-11-16,1.1467682061775382,0.7868855734732463,0.0,-0.06214183793860817
2009-11-17,1.1468629804094537,0.7906638176654414,0.0,-0.06206432899959491
2009-11-18,1.1469577624739502,0.7946167101749492,0.0,-0.06198681365488423
2009-11-19,1.1470525523716755,0.806709956268235,0.0,-0.06190929190394645
2009-11-20,1.1471473501032765,0.8113188662988626,0.0,-0.061831763746252544
2009-11-23,1.1472421556694008,0.8263099584287782,0.0,-0.061754229181272824
2009-11-24,1.1473369690706956,0.7834783103103735,0.0,-0.06167668820847805
2009-11-25,1.147431790307809,0.8115222235454079,0.0,-0.061599140827338084
2009-11-26,1.1475266193813882,0.7774575946162987,0.0,-0.0615215870373238
2009-11-27,1.147621456292081,0.7568729111269085,0.0,-0.061444026837905286
2009-11-30,1.147716301040535,0.7912040720313446,0.0,-0.06136646022855308
2009-12-01,1.1478111536273978,0.8132507814724221,0.0,-0.06128888720873715
2009-12-02,1.1479060140533175,0.8253477161263513,0.0,-0.06121130777792794
2009-12-03,1.1480008823189416,0.8315886384654462,0.0,-0.06113372193559563
2009-12-04,1.1480957584249183,0.8131178813173313,0.0,-0.061056129681210214
2009-12-07,1.1481906423718957,0.8270087555571302,0.0,-0.060978531014241666
2009-12-08,1.1482855341605216,0.8247974329908677,0.0,-0.06090092593416008
2009-12-09,1.1483804337914438,0.8103074859397024,0.0,-0.06082331444043576
2009-12-10,1.1484753412653108,0.8177369699131027,0.0,-0.06074569653253825
2009-12-11,1.148570256582771,0.8176231497277064,0.0,-0.06066807220993753
2009-12-14,1.148665179744472,0.8160880984075902,0.0,-0.06059044147210357
2009-12-15,1.1487601107510623,0.8181914454625641,0.0,-0.060512804318506364
2009-12-16,1.1488550496031904,0.8143443740077789,0.0,-0.060435160748615435
2009-12-17,1.1489499963015049,0.7895169588435876,0.0,-0.060357510761900324
2009-12-18,1.1490449508466536,0.7609053577439143,0.0,-0.06027985435783123
2009-12-21,1.1491399132392854,0.7705843312091705,0.0,-0.06020219153587736
2009-12-22,1.1492348834800492,0.747840177532504,0.0,-0.060124522295508354
2009-12-23,1.149329861569593,0.7607794292449743,0.0,-0.06004684663619386
2009-12-24,1.1494248475085656,0.7856193991676405,0.0,-0.05996916455740364
2009-12-25,1.149519841297616,0.7894464904853309,0.0,-0.05989147605860656
2009-12-28,1.1496148429373925,0.8027966182582145,0.0,-0.059813781139272715
2009-12-29,1.1497098524285445,0.8067670535540676,0.0,-0.059736079798870856
2009-12-30,1.1498048697717205,0.804591590926534,0.0,-0.059658372036870744
2009-12-31,1.1498998949675694,0.8120983790179482,0.0,-0.05958065785274158
2010-01-04,1.1499949280167403,0.8145768735956884,0.0,-0.05950293724595246
2010-01-05,1.1500899689198822,0.8236259714646892,0.0,-0.0594252102159728
2010-01-06,1.150185017677644,0.8218518932863152,0.0,-0.0593474767622717
2010-01-07,1.1502800742906754,0.8050210538895417,0.0,-0.059269736884318136
2010-01-08,1.1503751387596248,0.8147938629510219,0.0,-0.05919199058158142
2010-01-11,1.1504702110851424,0.8209868102483705,0.0,-0.059114237853530205
2010-01-12,1.1505652912678765,0.8380024136036959,0.0,-0.0590364786996338
2010-01-13,1.150660379308477,0.8272387677726406,0.0,-0.058958713119361184
2010-01-14,1.1507554752075937,0.8483120706158811,0.0,-0.058880941112180785
2010-01-15,1.1508505789658752,0.8546099364465041,0.0,-0.05880316267756214
2010-01-18,1.1509456905839714,0.8677167915053243,0.0,-0.058725377814973556
2010-01-19,1.151040810062532,0.8680104215471222,0.0,-0.05864758652388391
2010-01-20,1.1511359374022068,0.8362678709814166,0.0,-0.058569788803761846
2010-01-21,1.151231072603645,0.8396679807257809,0.0,-0.05849198465407612
2010-01-22,1.1513262156674966,0.8167167950295012,0.0,-0.05841417407429539
2010-01-25,1.1514213665944113,0.805048196579092,0.0,-0.05833635706388829
2010-01-26,1.1515165253850388,0.7743007341204711,0.0,-0.05825853362232347
2010-01-27,1.1515641087125337,0.7690211641346592,0.4999793396967068,-0.058219618685696584
2010-01-28,1.1547112256826264,0.7793805329332665,0.5013009136205541,-0.05564582101545801
2010-01-29,1.1517566221573365,0.7856121098913009,0.49998027934570216,-0.05806217596576213
2010-02-01,1.1277949888339454,0.7743988158571223,0.48931443631051597,-0.07765865001135108
2010-02-02,1.1303364377060265,0.7699575817095781,0.4904205514003677,-0.07558018414937195
2010-02-03,1.169632172266764,0.7839769423669083,0.5075000198265699,-0.043443065947579074
2010-02-04,1.1569821073887887,0.7905808278851695,0.5020740382241639,-0.05378863232490372
2010-02-05,1.1322983523617376,0.7727292655309185,0.49117735777045257,-0.07397567709797781
2010-02-08,1.139160800273978,0.7727862517853333,0.4942007712177838,-0.06836338094994576
2010-02-09,1.1441363608176216,0.7744507904183701,0.49635874472385655,-0.06429423250168087
2010-02-10,1.1544369707088031,0.7852573374716686,0.5008112956720135,-0.05587011417627341
2010-02-11,1.1529509432478267,0.7832453367646036,0.5001265876795277,-0.05708542776433456
2010-02-12,1.1646346391356623,0.7966253012470855,0.5051004551898038,-0.04753018417419852
2010-02-22,1.1586315050554257,0.7988125504923782,0.5024951550697839,-0.052439710148820096
2010-02-23,1.1476178705118358,0.8061339228944097,0.4976791138596278,-0.061446959386307176
2010-02-24,1.1557999021138219,0.8220555077355386,0.5011938771054805,-0.05475547188357566
2010-02-25,1.1666519473183588,0.8359179071960129,0.5057928668210258,-0.04588037479306695
2010-02-26,1.160256534088485,0.8365383134005112,0.5030276946647891,-0.051110717302635944
2010-03-01,1.1698946237060603,0.8470969885383834,0.5070812302207468,-0.04322842603764532
2010-03-02,1.1590216256500008,0.8471991344483056,0.5024159480494234,-0.05212065893878515
2010-03-03,1.1676037853555519,0.8580502941859608,0.0,-0.04510193581356503
2010-03-04,1.1677002815361597,0.8272912154233989,0.0,-0.04502301861817781
2010-03-05,1.1677967856916587,0.8296524278495958,0.0,-0.044944094900708165
2010-03-08,1.1678932978227075,0.8389774618628737,0.0,-0.04486516466061741
2010-03-09,1.1679898179299657,0.8394681718476098,0.0,-0.04478622789736608
2010-03-10,1.1680863460140922,0.8300553498035116,0.0,-0.0447072846104154
2010-03-11,1.1681828820757463,0.8255522497962493,0.0,-0.04462833479922612
2010-03-12,1.1682794261155873,0.8123924198814995,0.0,-0.044549378463259126
2010-03-15,1.1683759781342746,0.8053096799385162,0.0,-0.044470415601974955
2010-03-16,1.1684725381324674,0.8125835190677424,0.0,-0.04439144621483471
2010-03-17,1.1685691061108254,0.8339816916259225,0.0,-0.04431247030129881
2010-03-18,1.1686656820700083,0.836301669018863,0.0,-0.0442334878608277
2010-03-19,1.1687622660106753,0.8441660690686911,0.0,-0.044154498892882255
2010-03-22,1.1688588579334862,0.8495898236613139,0.0,-0.04407550339692301
2010-03-23,1.1689554578391006,0.8448116332337534,0.0,-0.04399650137241029
2010-03-24,1.1690520657281782,0.8479299232019104,0.0,-0.04391749281880464
2010-03-25,1.169148681601379,0.8366142653877434,0.0,-0.04383847773556648
2010-03-26,1.1692453054593623,0.8482423536356793,0.0,-0.04375945612215637
2010-03-29,1.169341937302789,0.8562702967068936,0.0,-0.043680427978034064
2010-03-30,1.169438577132318,0.8612792441692804,0.0,-0.04360139330266055
2010-03-31,1.16953522494861,0.8635150026771723,0.0,-0.043522352095495376
2010-04-01,1.1696318807523245,0.8773336046712724,0.0,-0.0434433043559993
2010-04-02,1.1697285445441223,0.880402025092781,0.0,-0.04336425008363187
2010-04-06,1.1698252163246632,0.8836886210224373,0.0,-0.04328518927785374
2010-04-07,1.1699218960946074,0.8857417978258573,0.0,-0.043206121938124564
2010-04-08,1.1700185838546153,0.8836282358857025,0.0,-0.04312704806390444
2010-04-09,1.1701152796053471,0.8970406861705714,0.0,-0.043047967654653574
2010-04-12,1.1702119833474633,0.9039013900337431,0.0,-0.042968880709831514
2010-04-13,1.1703086950816242,0.8910274490856814,0.0,-0.04288978722889858
2010-04-14,1.1704054148084906,0.9011903722639818,0.0,-0.04281068721131409
2010-04-15,1.1705021425287225,0.8903252006964474,0.0,-0.04273158065653826
2010-04-16,1.170598878242981,0.8876685975162649,0.0,-0.04265246756403063
2010-04-19,1.1706472500974547,0.8475711626696071,0.49997933969670627,-0.042612907748640017
2010-04-20,1.1494811069895994,0.8560498913488284,0.49073004917739127,-0.05992315402694359
2010-04-21,1.163730284247591,0.8822473265068499,0.49692418028221974,-0.0482697901456659
2010-04-22,1.148928821970404,0.8844441874605641,0.49040102456248563,-0.06037482770454161
2010-04-23,1.1499694544835617,0.8775803652858044,0.4908200943155841,-0.05952377019273236
2010-04-26,1.143883343158384,0.8757927313595004,0.48806866213894673,-0.06450115721025185
2010-04-27,1.1437783321240294,0.8527358803928435,0.48797934912967666,-0.06458703808412458
2010-04-28,1.1441523689661954,0.8481380276530902,0.4881044327689959,-0.06428114060331935
2010-04-29,1.134560403274379,0.8225924077027701,0.4837340276768748,-0.07212571047003069
2010-04-30,1.1317172441477334,0.8010155512803211,0.9999999999999998,-0.07445092316654578
2010-05-04,1.0746095545002885,0.7991293867983658,0.9999999999999998,-0.12115514165098584
2010-05-05,1.1047711356997003,0.8218753038041928,0.9999999999999998,-0.09648818196709796
2010-05-06,1.0388323081548054,0.7935366342760529,0.9999999999999998,-0.15041474469930904
2010-05-07,1.034922627262518,0.7779869826094589,0.9999999999999998,-0.15361218784094377
2010-05-10,1.0741070720677737,0.7662152314343764,0.9999999999999998,-0.12156608542156466
2010-05-11,1.041170951979314,0.7442480175202395,0.9999999999999998,-0.14850213830932135
2010-05-12,1.0711302212446148,0.7287031702639087,0.9999999999999998,-0.1240006348158531
2010-05-13,1.0774170655591961,0.749947521827118,0.9999999999999998,-0.11885908291174785
2010-05-14,1.060233803663613,0.7531002957185339,0.9999999999999998,-0.1329120208400918
2010-05-17,0.9709937751501853,0.7036747699976336,0.9999999999999998,-0.20589493811409254
2010-05-18,1.0318531448938788,0.7148237256926671,1.0,-0.15612249382712684
2010-05-19,1.043531453678701,0.7157380494181176,1.0,-0.14657165595603994
2010-05-20,1.032242952176439,0.7019353483403313,1.0,-0.15580369885216094
2010-05-21,1.0659216803793325,0.7177791709800448,1.0,-0.12826032089419115
2010-05-24,1.1238846942566119,0.7514749493428691,1.0,-0.08085659504127185
2010-05-25,1.107049546546304,0.7452187400288406,1.0,-0.09462483574115133
2010-05-26,1.1073125203749425,0.7465518250411388,1.0,-0.09440976860703598
2010-05-27,1.118127490076234,0.7621995935353114,1.0,-0.08556499286930286
2010-05-28,1.1063757663592488,0.76428523963781,1.0,-0.09517587146437845
2010-05-31,1.0701057761613115,0.7391449372477948,0.984523550041098,-0.12483845380820391
2010-06-01,1.0523701410451716,0.7265592017268344,0.9842614242238303,-0.13934313754761285
2010-06-02,1.0738762421040855,0.7373259465581149,0.9845753398883236,-0.12175486443054584
2010-06-03,1.060863025224486,0.730898282332976,0.9843848408486828,-0.1323974263706682
2010-06-04,1.0795014236825298,0.7370308331277652,0.9846531800083997,-0.11715443826944183
2010-06-07,1.0627735158071479,0.7337996509352311,0.9844103348926628,-0.1308349753218523
2010-06-08,1.0710885879348635,0.7409638846280133,0.984530082140142,-0.12403468366648696
2010-06-09,1.1013558081485657,0.759976957736584,0.9849539796801844,-0.0992813295296916
2010-06-10,1.0952219204670326,0.7611387232450755,0.9848684626695356,-0.10429778934807887
2010-06-11,1.105230180571439,0.7578317452447031,0.9850042450114396,-0.09611276261260815
2010-06-17,1.0922645098383532,0.7477838561884165,0.9848249846288806,-0.10671644002371916
2010-06-18,1.063123300549151,0.7170898308344597,0.5023949198026353,-0.13054891186675732
2010-06-21,1.0823504620818272,0.7389627702204039,0.5111941149767161,-0.11482441734418991
2010-06-22,1.0845080073768207,0.7431063497571847,0.5121262398881534,-0.11305991824661576
2010-06-23,1.076215647810655,0.7398128657125589,0.50832648825782,-0.11984163495273137
2010-06-24,1.0752590866122644,0.7399063262886796,0.5078484202791643,-0.12062393666164617
2010-06-25,1.0644216641093882,0.7265472514330737,0.502796485003125,-0.12948707490987965
2010-06-28,1.0628305350477847,0.7139389984471222,0.5020109850595715,-0.13078834343936918
2010-06-29,1.0336788972482436,0.6722707019404573,0.4879244661142383,-0.15462934400119
2010-06-30,1.0206757079365472,0.6610043021608041,0.48135787434594907,-0.16526370512413513
2010-07-01,1.010705935432304,0.650050817891307,0.4999793396967065,-0.17341725565564692
2010-07-02,0.9971073416109351,0.6457718459350436,0.493118148318331,-0.1845385547457562
2010-07-05,0.9985338699136926,0.640264421836576,0.49380046009814743,-0.1833719011840811
2010-07-06,1.0134620444774445,0.6597058276718022,0.5012155002558414,-0.17116323487830776
2010-07-07,1.0212991503456874,0.6696554667783956,0.5050020990585876,-0.16475383700184365
2010-07-08,1.0258746516749706,0.665774186869093,0.5071691116731445,-0.16101186783660615
2010-07-09,1.0412968537316596,0.6872958948982685,0.514428092449796,-0.1483991724393059
2010-07-12,1.03891603449826,0.69601930603677,0.5132751156493184,-0.15034627102331644
2010-07-13,1.0259068343918047,0.6865078904373246,0.507062376045826,-0.16098554793734698
2010-07-14,1.0305635078152247,0.6920580301474047,0.5092491946744715,-0.15717719403053088
2010-07-15,1.0247963762790082,0.675217357693563,0.5064466652917293,-0.16189371071959313
2010-07-16,1.028744771149478,0.679360859896886,0.5083003247650718,-0.1586646062359115
2010-07-19,1.039105079122272,0.6970032121092937,0.5131625429834896,-0.15019166519916782
2010-07-20,1.06349836078061,0.7179219421277591,0.5242897395766639,-0.13024217743041377
2010-07-21,1.0666141528640436,0.7192031208860329,0.5256401838122505,-0.12769399810263604
2010-07-22,1.0763340500508152,0.7304134886778861,0.5298850684352713,-0.11974480238731633
2010-07-23,1.0800528435666956,0.7312085093144545,0.5314650301279163,-0.11670347212275067
2010-07-26,1.0930507840220594,0.740833927908849,0.5369983210158211,-0.10607340365696727
2010-07-27,1.091808872951178,0.7387471612798558,0.5364333576060211,-0.107089072235941
2010-07-28,1.101683060860277,0.7565623284861861,0.540550254458803,-0.09901369338048394
2010-07-29,1.0974585259520304,0.7617596831956013,0.0,-0.10246863268144235
2010-07-30,1.0975492250037622,0.7604401653954387,0.0,-0.10239445653538282
2010-08-02,1.0976399315512833,0.7753113157254077,0.0,-0.10232027425906332
2010-08-03,1.097730645595213,0.7619716825098038,0.0,-0.10224608585197736
2010-08-04,1.0978213671361714,0.7702028194499417,0.0,-0.10217189131361792
2010-08-05,1.0979120961747775,0.7708407997126734,0.0,-0.10209769064347873
2010-08-06,1.0980028327116516,0.7870399794822015,0.0,-0.10202348384105242
2010-08-09,1.098093576747413,0.7980031459557357,0.0,-0.10194927090583261
2010-08-10,1.0981843282826813,0.7679366359931362,0.0,-0.10187505183731249
2010-08-11,1.0982750873180767,0.7766735385049252,0.0,-0.10180082663498491
2010-08-12,1.0983658538542187,0.767364362839629,0.0,-0.10172659529834316
2010-08-13,1.0984566278917274,0.7823721365341768,0.0,-0.10165235782688009
2010-08-16,1.0985474094312226,0.8012042061761157,0.0,-0.10157811422008889
2010-08-17,1.0986381984733242,0.8088090716638578,0.0,-0.10150386447746262
2010-08-18,1.0987289950186527,0.808453390164175,0.0,-0.1014296085984937
2010-08-19,1.098819799067828,0.810359457239009,0.0,-0.10135534658267531
2010-08-20,1.0989106106214697,0.7922227214478592,0.0,-0.10128107842950052
2010-08-23,1.0990014296801989,0.7978575500005243,0.0,-0.1012068041384615
2010-08-24,1.099092256244635,0.8072786389101813,0.0,-0.10113252370905168
2010-08-25,1.0991830903153992,0.7890549673453294,0.0,-0.10105823714076301
2010-08-26,1.0992739318931113,0.7941286017645922,0.0,-0.10098394443308867
2010-08-27,1.0993647809783915,0.799247524468688,0.0,-0.10090964558552129
2010-08-30,1.099455637571861,0.8210626838865812,0.0,-0.10083534059755306
2010-08-31,1.0995465016741395,0.8275779511624799,0.0,-0.10076102946867693
2010-09-01,1.099637373285848,0.8171872594523322,0.0,-0.1006867121983851
2010-09-02,1.099728252407607,0.8350677400789392,0.0,-0.10061238878617018
2010-09-03,1.0998191390400376,0.8422524842920822,0.0,-0.10053805923152426
2010-09-06,1.0999100331837597,0.8425425733145795,0.0,-0.10046372353394029
2010-09-07,1.1000009348393947,0.8488470442177742,0.0,-0.10038938169291012
2010-09-08,1.1000918440075633,0.8558025146773294,0.0,-0.10031503370792594
2010-09-09,1.100182760688886,0.8432907151537711,0.0,-0.10024067957848048
2010-09-10,1.1002736848839845,0.8509153475340863,0.0,-0.10016631930406539
2010-09-13,1.100364616593479,0.8653761131714741,0.0,-0.10009195288417305
2010-09-14,1.1004555558179907,0.8679909643212288,0.0,-0.10001758031829588
2010-09-15,1.1005465025581411,0.8514281904218818,0.0,-0.0999432016059254
2010-09-16,1.1006056228248071,0.8304712453315906,0.34998119935705935,-0.09989485144733423
2010-09-17,1.097077720630089,0.8295368238762789,0.3478370231863099,-0.10278006560870279
2010-09-20,1.0985284860785904,0.8193109876690582,0.3486444719559859,-0.10159359025144732
2010-09-21,1.0987567828376676,0.8170527722058936,0.3487259890229686,-0.10140688296594769
2010-09-27,1.0991823304400303,0.8392261371651735,0.34892432580007654,-0.10105885858746255
2010-09-28,1.0928320232484334,0.8346916688993337,0.3450868877057508,-0.10625231215476016
2010-09-29,1.094501984634553,0.8252038231149005,0.3460320938677856,-0.10488657241078869
2010-09-30,1.1016721976275685,0.8381424539769549,0.3502347366417257,-0.09902257762701883
2010-10-08,1.114318571927717,0.860617337386943,0.35755581659805824,-0.08868002950440235
2010-10-11,1.1267558348366766,0.8697605424990026,0.3645946822627683,-0.07850849835273965
2010-10-12,1.125779357166038,0.876229638470184,0.36399098648098377,-0.07930708829318789
2010-10-13,1.1389700950190633,0.8824255020800743,0.3713048344664072,-0.06851934488311573
2010-10-14,1.1422879064575742,0.8597294174066293,0.37307909214268353,-0.06580594864399258
2010-10-15,1.1680608192767399,0.8646178691621978,0.38686124613777506,-0.04472816106901245
2010-10-18,1.1719130844569965,0.8541523968287478,0.38882622493669156,-0.04157767405492685
2010-10-19,1.177679725902875,0.8797192876892664,0.3917686432759308,-0.036861558175043885
2010-10-20,1.1746445188903594,0.883132985741965,0.3901466150459256,-0.03934383284476317
2010-10-21,1.1611735801520362,0.8896139217505131,0.3830206339586455,-0.05036073214342529
2010-10-22,1.1580961250576614,0.897601172405192,0.38132998451533623,-0.05287755844109299
2010-10-25,1.1651867436107992,0.9224000227952467,0.38504401571640373,-0.04707865815043155
2010-10-26,1.1594620044762791,0.9291410655825937,0.0,-0.05176050518286546
2010-10-27,1.1595578277824343,0.9194988682649424,0.0,-0.05168213828246726
2010-10-28,1.1596536590078708,0.9208104904900981,0.0,-0.05160376490546592
2010-10-29,1.1597494981532435,0.9293513548863173,0.0,-0.051525385051325756
2010-11-01,1.1598453452192063,0.9566508944786832,0.0,-0.05144699871951197
2010-11-02,1.1599412002064144,0.9537890306457288,0.0,-0.051368605909488885
2010-11-03,1.1600370631155226,0.939672147543462,0.0,-0.051290206620720924
2010-11-04,1.160132933947185,0.961116844570516,0.0,-0.05121180085267296
2010-11-05,1.1602288127020568,0.9761867085706699,0.0,-0.05113338860480954
2010-11-08,1.1603246993807923,0.9971566268387171,0.0,-0.05105496987659519
2010-11-09,1.1604205939840468,1.000904108511366,0.0,-0.05097654466749413
2010-11-10,1.1605164965124755,1.0046096992660136,0.0,-0.050898112976970666
2010-11-11,1.1606124069667325,0.9957371554202024,0.0,-0.05081967480448957
2010-11-12,1.1607083253474735,0.9299191495793812,0.0,-0.050741230149514815
2010-11-15,1.1608042516553534,0.9546258448892668,0.0,-0.05066277901151062
2010-11-16,1.1609001858910273,0.922573723570491,0.0,-0.05058432138994151
2010-11-17,1.1609961280551504,0.8918519005334065,0.0,-0.05050585728427126
2010-11-18,1.1610920781483782,0.905661217397646,0.0,-0.05042738669396407
2010-11-19,1.1611880361713656,0.9306806159657595,0.0,-0.05034890961848437
2010-11-22,1.1612840021247681,0.9436313915225332,0.0,-0.050270426057295814
2010-11-23,1.1613799760092414,0.9301467317529594,0.0,-0.05019193600986249
2010-11-24,1.1614759578254406,0.9549166378575605,0.0,-0.05011343947564839
2010-11-25,1.1615719475740212,0.9635809698883182,0.0,-0.050034936454117385
2010-11-26,1.1616679452556387,0.958724759966168,0.0,-0.04995642694473357
2010-11-29,1.1617639508709492,0.9625867827699013,0.0,-0.04987791094696037
2010-11-30,1.1618599644206078,0.9360530518372633,0.0,-0.049799388460261884
2010-12-01,1.1619559859052706,0.937043591382968,0.0,-0.04972085948410154
2010-12-02,1.1620520153255935,0.9431400368301199,0.0,-0.04964232401794311
2010-12-03,1.1621000340039136,0.9366817659345251,0.49997933969670644,-0.04960305303959611
2010-12-06,1.1576742788588816,0.9237004351947431,0.49802629323272735,-0.05322255571127266
2010-12-07,1.1614990949244541,0.9359068665301183,0.49963794363409203,-0.050094517328138966
2010-12-08,1.1572416494112607,0.9330928104673155,0.49775562737135115,-0.05357637181500985
2010-12-09,1.1519429150626284,0.9150479592002069,0.4954036930632713,-0.057909820571864
2010-12-10,1.160148169475091,0.9283174885639891,0.4989310895266285,-0.051199340824462425
2010-12-13,1.1743568298814073,0.958118101045104,0.504952662625189,-0.03957911272410364
2010-12-14,1.1771110955697266,0.969818724702304,0.50607018282848,-0.03732659949400108
2010-12-15,1.1728216773420035,0.9668649482452022,0.5042227391477896,-0.04083460213454715
2010-12-16,1.169673268729936,0.9656674053819582,0.5028471722717661,-0.04340945614464753
2010-12-17,1.1694189620072013,0.9680309526212754,0.502697963399731,-0.043617435084331246
2010-12-20,1.1586640281162972,0.9555561142897812,0.4980404330490847,-0.05241311190697029
2010-12-21,1.1698621490414531,0.9676049458080955,0.5028041888582799,-0.04325498469971667
2010-12-22,1.173001973246525,0.9595228832420553,0.5040940734303161,-0.040687151250636155
2010-12-23,1.1659567020915482,0.9408137021367824,0.5010563397128754,-0.046448965208362725
2010-12-24,1.1611857189814823,0.9238261032817421,0.49896491714673274,-0.05035080467925901
2010-12-27,1.1448324821431315,0.8960934261161377,0.4917659358842008,-0.0637249255890916
2010-12-28,1.131993035462031,0.8772968320561957,0.485958894542951,-0.07422537354479475
2010-12-29,1.1379035861997704,0.8920473980650233,0.4885866882418951,-0.0693915647403599
2010-12-30,1.1419865793374961,0.8952824757313274,0.49037305153521316,-0.06605238214074749
2010-12-31,1.1487225151976552,0.9164045682704262,0.0,-0.06054355098241815
2011-01-04,1.1488174509427127,0.9323594530121109,0.0,-0.060465909953573926
2011-01-05,1.1489123945336999,0.9338088935115397,0.0,-0.06038826250811535
2011-01-06,1.1490073459712644,0.929376357999214,0.0,-0.060310608645512964
2011-01-07,1.1491023052560554,0.924605946391338,0.0,-0.06023294836523574
2011-01-10,1.1491972723887214,0.900544536561616,0.0,-0.060155281666753324
2011-01-11,1.1492922473699103,0.8953234870429585,0.0,-0.06007760854953592
2011-01-12,1.1493872302002717,0.9009932491645339,0.0,-0.05999992901305229
2011-01-13,1.1494822208804536,0.8999857437162956,0.0,-0.059922243056772295
2011-01-14,1.149555844741708,0.8805215515236136,0.22498558976594482,-0.05986203146490221
2011-01-17,1.1384561464394853,0.8420988133168524,1.0,-0.0689396659799516
2011-01-18,1.1588545938889157,0.8441218974490338,1.0,-0.05225726204620773
2011-01-19,1.1882556907304946,0.8679334517553048,1.0,-0.028212247109541955
2011-01-20,1.1324253682422458,0.8358584529452255,1.0,-0.07387180006371374
2011-01-21,1.1501741959255534,0.845047912061772,1.0,-0.05935632708483163
2011-01-24,1.1228005636284955,0.825584546327269,1.0,-0.08174322649202403
2011-01-25,1.1003069897850604,0.8111708559375888,1.0,-0.10013908165207741
2011-01-26,1.1319374355197813,0.8267868522333917,1.0,-0.07427084468653722
2011-01-27,1.1543378509930058,0.8431839940090887,1.0,-0.055951176969940786
2011-01-28,1.168486279472978,0.8537375167059351,1.0,-0.04438020817362809
2011-01-31,1.182985290180132,0.8676117016621016,1.0,-0.03252252371719766
2011-02-01,1.179951092109071,0.8695250579940094,1.0,-0.03500397324721283
2011-02-09,1.16623355395001,0.8657564158008976,1.0,-0.0462225482448112
2011-02-10,1.2047348051231477,0.8903224952970857,1.0,-0.01473518011951036
2011-02-11,1.2184177666913234,0.8995096149673086,1.0,-0.003544882796339577
2011-02-14,1.2348051477448556,0.9195625667493829,1.0,0.0
2011-02-15,1.240635992308214,0.9229089032774451,1.0,0.0
2011-02-16,1.2602622504727192,0.9402327841468486,1.0,0.0
2011-02-17,1.2815656875443417,0.946171878002693,1.0,0.0
2011-02-18,1.2816479461880659,0.9365303643250019,0.7989424233606272,0.0
2011-02-21,1.290370585580996,0.9571724067807804,0.0,0.0
2011-02-22,1.2904772277781515,0.9296536183047932,0.0,0.0
2011-02-23,1.2905838787887116,0.9404046400524216,0.0,0.0
2011-02-24,1.2906905386134049,0.9463132301494166,0.0,0.0
2011-02-25,1.2907972072529597,0.947375251366639,0.0,0.0
2011-02-28,1.2909038847081045,0.9616639458533728,0.0,0.0
2011-03-01,1.2910105709795678,0.9654334833760378,0.0,0.0
2011-03-02,1.2911172660680785,0.9616982885590895,0.0,0.0
2011-03-03,1.2912239699743653,0.9447894266182525,0.0,0.0
2011-03-04,1.2913306826991564,0.958145784298951,0.0,0.0
2011-03-07,1.291437404243181,0.972489251793964,0.0,0.0
2011-03-08,1.2915441346071683,0.9776944306388295,0.0,0.0
2011-03-09,1.2916508737918466,0.9810286463363144,0.0,0.0
2011-03-10,1.2917576217979452,0.9727898198629316,0.0,0.0
2011-03-11,1.291864378626193,0.9701407693035471,0.0,0.0
2011-03-14,1.291971144277319,0.979102246731364,0.0,0.0
2011-03-15,1.2920779187520528,0.9665942474170923,0.0,0.0
2011-03-16,1.292184702051123,0.9788280388590785,0.0,0.0
2011-03-17,1.2922914941752597,0.9592868093551763,0.0,0.0
2011-03-18,1.2923982951251916,0.9651080433970077,0.0,0.0
2011-03-21,1.2925051049016483,0.9600038181377537,0.0,0.0
2011-03-22,1.292611923505359,0.9601229681303008,0.0,0.0
2011-03-23,1.2927187509370537,0.9734846109587474,0.0,0.0
2011-03-24,1.2928255871974617,0.9747706320286574,0.0,0.0
2011-03-25,1.2929324322873126,0.9828846755862359,0.0,0.0
2011-03-28,1.2930392862073363,0.9808383281906636,0.0,0.0
2011-03-29,1.2931461489582625,0.9646184954939192,0.0,0.0
2011-03-30,1.293253020540821,0.9566074363154017,0.0,0.0
2011-03-31,1.293359900955742,0.9435589750989172,0.0,0.0
2011-04-01,1.2934667902037549,0.9561920565555352,0.0,0.0
2011-04-06,1.29357368828559,0.9576981524894493,0.0,0.0
2011-04-07,1.293680595201977,0.9642448457919987,0.0,0.0
2011-04-08,1.2937875109536467,0.975646382715295,0.0,0.0
2011-04-11,1.2938944355413287,0.9683556314973549,0.0,0.0
2011-04-12,1.2940013689657537,0.9679065538587968,0.0,0.0
2011-04-13,1.2941083112276517,0.9774559813643219,0.0,0.0
2011-04-14,1.294215262327753,0.9742923941079515,0.0,0.0
2011-04-15,1.2943222222667883,0.9745501354627883,0.0,0.0
2011-04-18,1.2944291910454881,0.9790353883468899,0.0,0.0
2011-04-19,1.2945361686645827,0.966575568370691,0.0,0.0
2011-04-20,1.294643155124803,0.9721341582329067,0.0,0.0
2011-04-21,1.2947501504268792,0.9795204690543409,0.0,0.0
2011-04-22,1.2948571545715428,0.9729082554453641,0.0,0.0
2011-04-25,1.294964167559524,0.9501263060727311,0.0,0.0
2011-04-26,1.2950711893915536,0.9347864372312101,0.0,0.0
2011-04-27,1.2951327320307182,0.9247165895178708,0.4249798046787035,0.0
2011-04-28,1.2706773273774523,0.8944634189516166,0.49031431684014587,-0.018882546976417447
2011-04-29,1.283273147772734,0.9098041020044373,0.4952753688717596,-0.009157041563908952
2011-05-03,1.2931649171504567,0.9252563804136203,0.4990947508354275,-0.0015193924387781887
2011-05-04,1.2783089750077434,0.9044377105334132,0.49323157310551735,-0.012989986745679527
2011-05-05,1.2833429017388953,0.907612404531707,0.4951776604601782,-0.009103183017648675
2011-05-06,1.2867342116117195,0.911519070564866,0.49646655664918976,-0.006484679300653662
2011-05-09,1.2908858936465921,0.9195470565309343,0.4980445149902668,-0.003279075788214514
2011-05-10,1.294783625519314,0.9276789185405144,0.4995142098816046,-0.0002695526896744349
2011-05-11,1.2998244502144483,0.9301602180096733,0.501413932333729,0.0
2011-05-12,1.2892912532692333,0.9164118509467827,0.9999999999999997,-0.008103553478684855
2011-05-13,1.3080414281658246,0.9252981016495497,0.9999999999999997,0.0
2011-05-16,1.301951501459909,0.9239956530612959,0.9999999999999997,-0.0046557598060598115
2011-05-17,1.3185454083916344,0.9184428087535904,0.9999999999999997,0.0
2011-05-18,1.3291951261349562,0.9247779528620695,0.9999999999999997,0.0
2011-05-19,1.3191983032704189,0.9196541640105904,0.9999999999999997,-0.007520959615317069
2011-05-20,1.3213601413348184,0.9166931924236592,0.9999999999999997,-0.0058945331998925266
2011-05-23,1.2770936711872731,0.8806406805373745,0.9999999999999997,-0.039197747511446335
2011-05-24,1.279133792552138,0.8823614078499405,0.9999999999999997,-0.037662892827772354
2011-05-25,1.2647482096788032,0.871552326745727,0.9999999999999997,-0.04848567015405192
2011-05-26,1.2566060623004665,0.8640439939882008,1.0000000000000004,-0.05461129250869645
2011-05-27,1.2319652876151654,0.8369666408825006,0.9977629430565292,-0.0731494094493984
2011-05-30,1.2069112506026531,0.8223598036671064,1.0,-0.09199843809831065
2011-05-31,1.2449448062707837,0.8425819663557291,1.0,-0.06338446343025361
2011-06-01,1.2568182223002438,0.8516197354761783,1.0,-0.05445167711769339
2011-06-02,1.2560909166178398,0.8391346884753405,1.0,-0.05499885462993637
2011-06-03,1.2717323163245886,0.8534933791548606,1.0,-0.04323128236067064
2011-06-07,1.288908971556931,0.8620546520844674,1.0,-0.03030868364313788
2011-06-08,1.290070627383781,0.8687926203798672,1.0,-0.02943472931994695
2011-06-09,1.2575096283561502,0.8459017669463671,1.0,-0.053931508150540375
2011-06-10,1.2596873663510315,0.8484865322777101,0.48941589916407263,-0.05229311966109884
2011-06-13,1.257754958108984,0.847059254544956,0.9999999999999998,-0.05374693799375152
2011-06-14,1.2862387450373176,0.8617621565277731,0.9999999999999998,-0.03231758848119426
2011-06-15,1.2732734137418351,0.8531971967908257,0.9999999999999998,-0.04207186085291381
2011-06-16,1.2325747194643757,0.831785326759642,0.9999999999999998,-0.0726909125461015
2011-06-17,1.213063186814637,0.8172996218650942,0.9999999999999998,-0.08737012123871413
2011-06-20,1.1945832679035573,0.809403908396101,0.9999999999999998,-0.101273210821066
2011-06-21,1.2195956263981276,0.8223041693359995,0.9999999999999998,-0.08245553837947239
2011-06-22,1.2164514283338248,0.8218071992514149,0.9999999999999998,-0.08482102859417517
2011-06-23,1.260816536690751,0.8376296697323097,0.9999999999999998,-0.051443605306496165
2011-06-24,1.298045781633051,0.8604326378800305,0.5732150441182787,-0.023434741739146614
2011-06-27,1.3174657193923676,0.8730365094383828,0.5032704497152641,-0.008824443087370848
2011-06-28,1.3216827056724847,0.8758302668118473,0.5026438914344034,-0.005651856762608043
2011-06-29,1.3112090066632789,0.8623558859054051,0.4986296691781508,-0.013531586986763489
2011-06-30,1.3144258628781569,0.8771032332907329,0.499815362204487,-0.01111143350317978
2011-07-01,1.3257305884581247,0.8817705520607825,0.504039534855251,-0.002606492913426184
2011-07-04,1.3491535566687975,0.9051403881512752,0.512609742809434,0.0
2011-07-05,1.3479772050452439,0.9126167613621388,0.512144092147879,-0.0008719182614455034
2011-07-06,1.3493036329037584,0.9158646011571758,0.5125833980271997,0.0
2011-07-07,1.3425887183051883,0.9125121965081657,0.5101051156234944,-0.004976577869370558
2011-07-08,1.3448250845536383,0.9116967062306258,0.5108793625979563,-0.0033191553338385305
2011-07-11,1.3478964525284183,0.9200058605096578,0.0,-0.0010428937868579569
2011-07-12,1.3480078489294536,0.9055184304305707,0.0,-0.0009603353483279564
2011-07-13,1.3481192545368033,0.9242864882724079,0.0,-0.0008777700867864668
2011-07-14,1.3482306693512276,0.9319607885370629,0.0,-0.0007951980016698279
2011-07-15,1.3483420933734882,0.936533442451636,0.0,-0.0007126190924136022
2011-07-18,1.3484535266043456,0.9366797013449861,0.0,-0.0006300333584542406
2011-07-19,1.3485649690445607,0.9253319265877997,0.0,-0.0005474407992277497
2011-07-20,1.3486764206948951,0.926504104438513,0.0,-0.00046484141416969216
2011-07-21,1.3487878815561096,0.9135588002429413,0.0,-0.00038223520271629674
2011-07-22,1.3488993516289653,0.9174604055938315,0.0,-0.0002996221643034591
2011-07-25,1.349010830914224,0.878972255833778,0.0,-0.00021700229836663087
2011-07-26,1.3491223194126467,0.8841512488332188,0.0,-0.00013437560434159668
2011-07-27,1.349233817124995,0.8987357635819359,0.0,-5.1742081664252204e-05
2011-07-28,1.34934532405203,0.8934953865806579,0.0,0.0
2011-07-29,1.3494568401945137,0.8840635608972319,0.0,0.0
2011-08-01,1.3495683655532074,0.8882494774200355,0.0,0.0
2011-08-02,1.349679900128873,0.8828865298158953,0.0,0.0
2011-08-03,1.3497914439222722,0.8852277060620563,0.0,0.0
2011-08-04,1.3499029969341667,0.8893268358204078,0.0,0.0
2011-08-05,1.350014559165318,0.8686380588730969,0.0,0.0
2011-08-08,1.3500145591653183,0.8231399101074302,0.9999999999999999,0.0
2011-08-09,1.397000728884898,0.8221482987743743,0.9999999999999999,0.0
2011-08-10,1.4112104872988525,0.8339944526270058,0.9999999999999999,0.0
2011-08-11,1.44035344415189,0.8487516395203156,0.9999999999999999,0.0
2011-08-12,1.4776087832668654,0.8578212943324894,0.9999999999999999,0.0
2011-08-15,1.5052247220694275,0.8708362193615276,0.9999999999999999,0.0
2011-08-16,1.4980625201683848,0.863473680584824,0.9999999999999999,-0.004758227655997982
2011-08-17,1.4867134445925576,0.8601256610416471,0.9999999999999999,-0.012298015841395449
2011-08-18,1.4431181489245202,0.8428386663346147,0.9999999999999999,-0.041260665091602644
2011-08-19,1.4329588915010492,0.8345910994752644,0.9999999999999999,-0.048009994460511574
2011-08-22,1.4436956646496084,0.8277470979291073,0.9999999999999999,-0.04087699100186659
2011-08-23,1.476542833969915,0.842503502763991,0.9999999999999999,-0.01905488773801156
2011-08-24,1.4787200952704551,0.8405501470824502,0.9999999999999999,-0.017608418470919762
2011-08-25,1.5074487717346354,0.8590230606862161,0.9999999999999999,0.0
2011-08-26,1.5291265346171892,0.8609838606549756,0.9999999999999999,0.0
2011-08-29,1.5257648537516373,0.8522321879413344,0.9999999999999999,-0.002198432104504322
2011-08-30,1.5037845605751856,0.8434411964923877,0.9999999999999999,-0.016572843037053087
2011-08-31,1.5000263343908755,0.8399134230256605,0.9999999999999999,-0.019030603136841684
2011-09-01,1.4963131343311833,0.8335493155335163,0.9999999999999999,-0.0214589175867127
2011-09-02,1.48834362353239,0.8230112903628324,0.9999999999999999,-0.02667072355461353
2011-09-05,1.4570683165940446,0.8004486456692317,0.0,-0.04712377713148774
2011-09-06,1.4571887354631847,0.7943824834616975,0.0,-0.047045027030424125
2011-09-07,1.4573091642842972,0.8157700875557118,0.0,-0.04696627042108792
2011-09-08,1.457429603058205,0.8054744391002726,0.0,-0.04688750730294089
2011-09-09,1.4574898274219668,0.8007818219656245,0.499979339696707,-0.04684812248919368
2011-09-13,1.4721347463760497,0.7869523267990557,1.0,-0.0372708124219473
2011-09-14,1.4752453426314456,0.7971038118482279,1.0,-0.03523658164707244
2011-09-15,1.4817116966658872,0.7969009578281483,1.0,-0.031007792277420676
2011-09-16,1.4761658180464026,0.7966937237962651,1.0,-0.03463462007350826
2011-09-19,1.4409627463744257,0.7786369996333696,1.0,-0.057656306555974424
2011-09-20,1.4582083285001888,0.7847600859756353,1.0,-0.04637824569224058
2011-09-21,1.5130835087127346,0.811169873585932,1.0,-0.010491627436490014
2011-09-22,1.4616925776624927,0.7855667978342251,1.0,-0.04409965782954528
2011-09-23,1.4516035418658608,0.7794936768205077,1.0,-0.05069756556852634
2011-09-26,1.4243510849074301,0.7672289856225059,1.0,-0.06851980352037323
2011-09-27,1.435889637800898,0.7710780835940327,1.0,-0.060973957815487534
2011-09-28,1.4175315906164447,0.757120342549826,1.0,-0.07297953535851875
2011-09-29,1.3680489167521948,0.7321871199287584,1.0,-0.10533962639352112
2011-09-30,1.3526226127140204,0.7278348453357815,1.0,-0.11542793739260815
2011-10-10,1.3452205332328835,0.7244600453354143,1.0,-0.1202686613703593
2011-10-11,1.3388074019478795,0.7226194161162656,1.0,-0.12446264475879709
2011-10-12,1.3915759391716969,0.752386511765764,1.0,-0.08995370385088997
2011-10-13,1.4175274211501523,0.7630033892861233,1.0,-0.07298226205653757
2011-10-14,1.4088495796503653,0.7592708442932167,1.0,-0.0786572937189497
2011-10-17,1.4179762561253704,0.7630628870276824,0.8583714494280444,-0.07268873829309674
2011-10-18,1.3750827115548536,0.7343553254827976,0.39742709104158447,-0.10073974885335424
2011-10-19,1.3655449205063297,0.7311520174767203,0.4938749930382817,-0.10697716010258851
2011-10-20,1.343664905168715,0.7102050425406731,1.0000000000000002,-0.12128599252572891
2011-10-21,1.3229848214862676,0.6947518190916102,1.0000000000000002,-0.1348101079042019
2011-10-24,1.3494319888137893,0.7116777069181053,1.0000000000000002,-0.11751450369565763
2011-10-25,1.3979265360739066,0.7330494442084874,1.0000000000000002,-0.08580061595499544
2011-10-26,1.4196554365785428,0.73931296933979,1.0000000000000002,-0.0715906078145796
2011-10-27,1.4189569564944189,0.7382734996703595,1.0000000000000002,-0.0720473915197285
2011-10-28,1.4632604120200448,0.7561667574498008,1.0000000000000002,-0.043074344147480126
2011-10-31,1.4786384118104023,0.7619073147842026,1.0000000000000002,-0.0330176225863652
2011-11-01,1.4576277403841198,0.7618095602419604,1.0000000000000002,-0.04675793180906951
2011-11-02,1.47519505117119,0.777238784449066,1.0000000000000002,-0.03526947065862063
2011-11-03,1.4957268008341444,0.780294887548621,1.0000000000000002,-0.0218423609995142
2011-11-04,1.5168275412295604,0.7861846256188568,1.0000000000000002,-0.008043149542694805
2011-11-07,1.4941213416779884,0.7822089621923473,1.0000000000000002,-0.022892280100262785
2011-11-08,1.4587907953102361,0.7734149390712679,1.0000000000000002,-0.04599733096944869
2011-11-09,1.4929619115644763,0.7885886945734191,1.0000000000000002,-0.023650510428011473
2011-11-10,1.4712551111523993,0.7746925240493762,1.0000000000000002,-0.03784606581251815
2011-11-11,1.468665187705157,0.7731573627421789,1.0000000000000002,-0.039539793171641135
2011-11-14,1.5113365663579714,0.7930767823948142,0.6440140727176905,-0.011634072038172683
2011-11-15,1.5137289141688963,0.7981470806593876,0.6215578042983926,-0.010069552845832774
2011-11-16,1.493699394272666,0.7758837793724045,0.5172647235515354,-0.023168220250257
2011-11-17,1.4879872890884307,0.774866720874001,0.0,-0.026903754919835654
2011-11-18,1.4881102632445538,0.7508847081003779,0.0,-0.0268233337425563
2011-11-21,1.48823324756383,0.7515031127366346,0.0,-0.02674290591889872
2011-11-22,1.4883562420471,0.7499309664347988,0.0,-0.026662471448313463
2011-11-23,1.488479246695203,0.7445894134433027,0.0,-0.026582030330251305
2011-11-24,1.4886022615089793,0.7433136224405558,0.0,-0.026501582564162907
2011-11-25,1.4887252864892695,0.736903855504248,0.0,-0.026421128149498707
2011-11-28,1.4888483216369133,0.7373572556927807,0.0,-0.02634066708570937
2011-11-29,1.488971366952751,0.7506730928354859,0.0,-0.026260199372245552
2011-11-30,1.4890328946951872,0.7156732333184056,0.49997933969670655,-0.026219962190401236
2011-12-01,1.4830005345299488,0.7314721954564792,0.49790392740337336,-0.030164933406762073
2011-12-02,1.4685804398105993,0.7153572985951433,0.49293190773060025,-0.039595215592637234
2011-12-05,1.4537814021834834,0.6901728984714416,0.48772778091748337,-0.04927331435823146
2011-12-06,1.4521726382063715,0.6928220085490581,0.487117885679176,-0.050325394706516424
2011-12-07,1.4551800898512723,0.6959749801296932,1.0000000000000002,-0.04835861721831214
2011-12-08,1.4672644034290616,0.6975605913272714,1.0000000000000002,-0.040455861426546
2011-12-09,1.4473783636658024,0.6892358754797412,1.0000000000000002,-0.05346069739863102
2011-12-12,1.423969502625157,0.6792482590413125,1.0000000000000002,-0.06876934616686758
2011-12-13,1.3684209633553872,0.6572238752607722,1.0000000000000002,-0.10509631977711642
2011-12-14,1.3415862590490506,0.6447555164653843,1.0000000000000002,-0.12264536081383781
2011-12-15,1.2937655836226936,0.6266709644401748,1.0000000000000004,-0.15391855786049602
2011-12-16,1.3236649393789628,0.6470063869051342,1.0000000000000004,-0.1343653324867996
2011-12-19,1.3087659836886676,0.6497056375043185,1.0000000000000004,-0.14410877447999293
2011-12-20,1.3135772922930795,0.6455361411425719,1.0000000000000004,-0.14096233205322772
2011-12-21,1.2663186375613964,0.6268923705671602,1.0000000000000004,-0.1718679854846582
2011-12-22,1.2486936567180549,0.6227941133863845,1.0000000000000004,-0.1833941610131954
2011-12-23,1.2698164800458358,0.628062548346856,1.0000000000000004,-0.16958050802268665
2011-12-26,1.261346341998229,0.620248485271708,1.0000000000000004,-0.17511970824964984
2011-12-27,1.2350323380385275,0.6019239001394111,1.0000000000000004,-0.19232822786133064
2011-12-28,1.2613775311052526,0.6008590417876886,0.9999999999999997,-0.1750993115680688
2011-12-29,1.2611129792569276,0.599266393182505,0.9999999999999997,-0.1752723200420806
2011-12-30,1.2949135763424873,0.611419553629272,0.9999999999999997,-0.15316780722357692
2012-01-04,1.2410465969296818,0.5944296513924208,0.9999999999999997,-0.18839509430109203
2012-01-05,1.1922126414848297,0.573468507836277,0.9999999999999997,-0.22033094417310894
2012-01-06,1.216462530324071,0.5787037574115025,1.0,-0.20447229003935397
2012-01-09,1.2802725615654114,0.6054149539417341,1.0,-0.16274256408353904
2012-01-10,1.3438305373093242,0.6311734183596917,1.0,-0.12117767438667404
2012-01-11,1.3807973458108387,0.6325125749906522,1.0,-0.09700256025148635
2012-01-12,1.3793801826772234,0.6316611669093046,1.0,-0.0979293397569968
2012-01-13,1.2972306106398008,0.6097735024715198,1.0,-0.15165254066789347
2012-01-16,1.2325339472026196,0.5873009150073091,1.0,-0.1939620958110052
2012-01-17,1.3255096042245371,0.623918043174354,1.0,-0.1331589804918445
2012-01-18,1.3046222241549998,0.6092047494543915,1.0,-0.14681866109817598
2012-01-19,1.314964728665597,0.6156353247520628,1.0,-0.14005499290168733
2012-01-20,1.3304154032111304,0.6232221891975115,1.0,-0.1299507443678004
2012-01-30,1.3268545020296973,0.6181142835265715,1.0,-0.1322794602070847
2012-01-31,1.3401793498873467,0.6202064944754166,1.0,-0.12356543454864888
2012-02-01,1.3283813090933247,0.6123065484547255,1.0,-0.13128097706715958
2012-02-02,1.3691275003150036,0.6270215777702934,1.0,-0.10463426713227542
2012-02-03,1.3878926778098892,0.6354499094138102,0.5217533843156403,-0.09236243934688981
2012-02-06,1.3984120340871622,0.6403201645867095,0.5253116994862356,-0.08548311573361767
2012-02-07,1.3826353586489923,0.6295704033043366,0.5198555511814811,-0.09580055845729618
2012-02-08,1.402853900886773,0.6502665765490682,0.5267364929260039,-0.08257827646815896
2012-02-09,1.410335181073434,0.6541802686219762,0.5292080667479158,-0.07768575775417708
2012-02-10,1.4086898916238904,0.6577502955785804,0.0,-0.07876172459687891
2012-02-13,1.4088063122760905,0.6640086380293105,0.0,-0.07868558920221758
2012-02-14,1.4089227425498323,0.6631311194329074,0.0,-0.0786094475153748
2012-02-15,1.4090391824459108,0.6741062402662534,0.0,-0.07853329953583066
2012-02-16,1.409155631965121,0.6709720547200173,0.0,-0.07845714526306502
2012-02-17,1.4092720911082586,0.6693922670664012,0.0,-0.07838098469655796
2012-02-20,1.4093885598761189,0.6707297811499564,0.0,-0.07830481783578902
2012-02-21,1.4095050382694971,0.6803246010851828,0.0,-0.07822864468023816
2012-02-22,1.4096215262891887,0.6946311968947406,0.0,-0.07815246522938546
2012-02-23,1.4097380239359893,0.6959651493806586,0.0,-0.07807627948271023
2012-02-24,1.409854531210695,0.7053600706679137,0.0,-0.07800008743969222
2012-02-27,1.4099710481141006,0.7068423461771949,0.0,-0.0779238890998113
2012-02-28,1.4100875746470027,0.7028645050105528,0.0,-0.07784768446254675
2012-02-29,1.4102041108101966,0.693014854632655,0.0,-0.07777147352737834
2012-03-01,1.4103206566044786,0.6968415294961765,0.0,-0.07769525629378549
2012-03-02,1.410437212030644,0.711798399301453,0.0,-0.07761903276124793
2012-03-05,1.4105537770894898,0.7124792336644438,0.0,-0.07754280292924454
2012-03-06,1.4106703517818113,0.7057001615366432,0.0,-0.07746656679725517
2012-03-07,1.4107869361084047,0.7006057444244582,0.0,-0.07739032436475923
2012-03-08,1.4109035300700665,0.7111278455354914,0.0,-0.0773140756312356
2012-03-09,1.4110201336675932,0.721928269752598,0.0,-0.07723782059616369
2012-03-12,1.4111367469017804,0.72561144713757,0.0,-0.07716155925902302
2012-03-13,1.4112533697734253,0.7326832016916146,0.0,-0.07708529161929234
2012-03-14,1.411370002283324,0.6987844969771118,0.0,-0.07700901767645085
2012-03-15,1.411486644432273,0.689250213162531,0.0,-0.07693273742997797
2012-03-16,1.411603296221069,0.7062869836719285,0.0,-0.07685645087935233
2012-03-19,1.4117199576505086,0.7153115246338829,0.0,-0.07678015802405314
2012-03-20,1.4118366287213888,0.6971051693674433,0.0,-0.07670385886355924
2012-03-21,1.4119533094345063,0.7003475414797147,0.0,-0.07662755339734961
2012-03-22,1.4120699997906578,0.6981991056761918,0.0,-0.07655124162490323
2012-03-23,1.4121866997906407,0.6834031633355568,0.0,-0.07647492354569851
2012-03-26,1.4123034094352516,0.6818741471420662,0.0,-0.07639859915921465
2012-03-27,1.4124201287252873,0.6801468300979415,0.0,-0.0763222684649304
2012-03-28,1.4125368576615458,0.6490068750073356,0.0,-0.07624593146232406
2012-03-29,1.4126535962448237,0.6349930292965428,0.0,-0.07616958815087471
2012-03-30,1.41271197036037,0.630839188973329,0.4999793396967071,-0.07613141334046825
2012-04-05,1.4325394437555987,0.6524964425307758,0.5068592671167407,-0.06316487790578473
2012-04-06,1.4383104743251134,0.6575047664040575,0.5087973371855761,-0.05939080791297058
2012-04-09,1.4256235341293446,0.6472077699438865,0.5043850591569062,-0.06768766229915446
2012-04-10,1.4328830573996854,0.6552969800839609,0.5068552780367597,-0.06294016553809789
2012-04-11,1.436751322065993,0.6578165370052361,0.5081423595475791,-0.060410443779475576
2012-04-12,1.448525797638567,0.6714200732328958,0.5121001507824099,-0.05271031216445421
2012-04-13,1.4587773065992322,0.6758163456235589,0.5154888117930575,-0.046006152156380264
2012-04-16,1.4610116520809744,0.675686615030937,0.5161898004960537,-0.044544961449686116
2012-04-17,1.4526673459832098,0.665077193342647,0.5133705191527558,-0.05000187159339342
2012-04-18,1.4728198588848072,0.6825177836343596,0.5199893764798763,-0.036822770684885264
2012-04-19,1.4763002755690229,0.6814531391716178,0.5210814373597128,-0.03454668914066761
2012-04-20,1.484057614957455,0.6888469382517283,0.5235454264659389,-0.029473636510412793
2012-04-23,1.4672918763117577,0.6783057516212233,0.5180614802593444,-0.04043789503718964
2012-04-24,1.4542313470398414,0.6750771075548059,0.5136929773733294,-0.048979064767911806
2012-04-25,1.4638536965328226,0.6850279197652887,0.5168496928439517,-0.04268635499200679
2012-04-26,1.4608281748533494,0.6811548901444184,0.5158090276190901,-0.04466494970668866
2012-04-27,1.452624899197437,0.6751547056375662,0.5130344584913096,-0.05002963043794406
2012-05-02,1.4651743136932172,0.6861004423519697,0.5171654832812507,-0.04182271347477606
2012-05-03,1.4702531198757571,0.6897528624832054,0.5187936091125805,-0.038501336160627675
2012-05-04,1.4748426435452273,0.6957743746993018,0.0,-0.03549993401007301
2012-05-07,1.474964531367008,0.7013061418951541,0.0,-0.03542022326081762
2012-05-08,1.4750864292621622,0.7021573723234995,0.0,-0.03534050592389715
2012-05-09,1.4752083372315226,0.689596712949364,0.0,-0.03526078199876692
2012-05-10,1.4753302552759218,0.6913397759530738,0.0,-0.0351810514848826
2012-05-11,1.4754521833961924,0.6860219722559099,0.0,-0.0351013143816995
2012-05-14,1.4755741215931673,0.6835386040130232,0.0,-0.03502157068867329
2012-05-15,1.475696069867679,0.6821719640423092,0.0,-0.03494182040525917
2012-05-16,1.4758180282205606,0.672568332018424,0.0,-0.03486206353091248
2012-05-17,1.475939996652645,0.6836332473889523,0.0,-0.034782300065088645
2012-05-18,1.4760619751647652,0.6694924579991847,0.0,-0.03470253000724266
2012-05-21,1.476183963757754,0.6689830456169238,0.0,-0.03462275335682996
2012-05-22,1.4763059624324446,0.6796697668684719,0.0,-0.03454297011330587
2012-05-23,1.4764279711896704,0.6791500141354581,0.0,-0.03446318027612516
2012-05-24,1.4765499900302645,0.6737415614515649,0.0,-0.03438338384474304
2012-05-25,1.4766720189550606,0.6656255901820269,0.0,-0.0343035808186144
2012-05-28,1.4767940579648917,0.6765672074944912,0.0,-0.03422377119719444
2012-05-29,1.4769161070605912,0.6873629288420111,0.0,-0.03414395497993805
2012-05-30,1.477038166242993,0.688117488057099,0.0,-0.0340641321663
2012-05-31,1.4771602355129303,0.6881570731527532,0.0,-0.033984302755735274
2012-06-01,1.477282314871237,0.6865918337140413,0.0,-0.03390446674769865
2012-06-04,1.4773433595949923,0.6626983205780095,0.4999793396967067,-0.033864545444671545
2012-06-05,1.477152190441005,0.6611917872965865,0.49987329896752974,-0.03398956397627073
2012-06-06,1.4787490779897638,0.6589757818486328,0.500372093048588,-0.03294525043346863
2012-06-07,1.4735157539243,0.655321219824793,0.4985561812728494,-0.03636767751650527
2012-06-08,1.4636971009301467,0.6511326619672987,0.49515071729037097,-0.042788763523368245
2012-06-11,1.4703250112706343,0.6643941929068509,0.49738493476137946,-0.03845432148051475
2012-06-12,1.46750674481896,0.6590346639036109,0.4963780718070487,-0.04029737788420196
2012-06-13,1.4774559205055962,0.6713576242507404,0.49972811624959196,-0.03379093419795276
2012-06-14,1.469202264552982,0.6649879994390004,0.4968761215257095,-0.03918856203695986
2012-06-15,1.4770859309799713,0.6652494608912821,0.49952009138792264,-0.034032895551214803
2012-06-18,1.4787018485272265,0.672328778868971,0.500025696405197,-0.03297613699613566
2012-06-19,1.4758121803774311,0.6671246910879255,0.4990053361705194,-0.03486588783387057
2012-06-20,1.4786009952512509,0.6631287901218063,0.49990894443466927,-0.03304209182308593
2012-06-21,1.4690562611400595,0.653064980127813,0.4966181606667751,-0.03928404361393678
2012-06-25,1.4617086024287167,0.635191715623821,0.4940459699150551,-0.044089178143357666
2012-06-26,1.4673960182280095,0.6350983885603378,0.49596532260962956,-0.040369789544351664
2012-06-27,1.459511122818413,0.6334005611236888,0.9999999999999999,-0.0455262597455377
2012-06-28,1.435168519140577,0.6254727635589209,0.9999999999999999,-0.0614455464276763
2012-06-29,1.4426965589334326,0.6349416001591983,0.9999999999999999,-0.05652244842209475
2012-07-02,1.4436524742936874,0.6419704869343633,0.9999999999999999,-0.055897310254249155
2012-07-03,1.4486904148321291,0.6426593924566595,0.9734292247141009,-0.05260265776840822
2012-07-04,1.4355262752753333,0.6400386414144257,0.9984146893002724,-0.061211585322001105
2012-07-05,1.3911111335843604,0.6263073448454857,0.9983639385898603,-0.09025767188545997
2012-07-06,1.41080751807394,0.6404374782912102,0.998386646436033,-0.07737686441552072
2012-07-09,1.376774835848254,0.6242571772650312,0.9983466291014962,-0.09963315351602064
2012-07-10,1.3693336170251935,0.6160413419537231,1.0,-0.10449947337549748
2012-07-11,1.3949644507808192,0.6230858279374041,1.0,-0.08773772529554391
2012-07-12,1.4263467591662855,0.6327702956749233,1.0,-0.06721469618381459
2012-07-13,1.4129382230140755,0.6304391445898676,1.0,-0.07598345131863204
2012-07-16,1.3424294868259312,0.6090348710988897,1.0,-0.1220939167326639
2012-07-17,1.3682864789232974,0.6131783803048592,1.0,-0.10518426830789218
2012-07-18,1.385861107645283,0.6176631736011441,1.0,-0.09369102146132868
2012-07-19,1.4016478795947918,0.6231599597495175,1.0,-0.08336697594114484
2012-07-20,1.3963304665838348,0.6175781263776665,1.0,-0.08684439451349879
2012-07-23,1.3746074213468584,0.6112702922843422,1.0,-0.10105057349555047
2012-07-24,1.3890633868836963,0.6158677600088032,1.0,-0.0915968329387189
2012-07-25,1.3688264683612694,0.6105299745981367,0.5082292155273985,-0.10483113243211772
2012-07-26,1.3601906709887748,0.6038265499043894,0.5050660818007209,-0.11047866857578714
2012-07-27,1.3671063443619211,0.5988860391985987,0.5075290683840605,-0.10595603868441739
2012-07-30,1.3588856909160534,0.5868725308401102,1.0000000000000002,-0.11133208393624205
2012-07-31,1.3417024924260914,0.5792167291043822,0.9999999999999999,-0.1225693478911597
2012-08-01,1.3835968467895081,0.5902560153656625,1.0,-0.09517177586883863
2012-08-02,1.381006443778722,0.5880134973163947,1.0,-0.09686581684722939
2012-08-03,1.4043118991765473,0.5995234879308193,1.0,-0.0816247920724813
2012-08-06,1.4428092840841806,0.6143865500255088,1.0,-0.056448729767558214
2012-08-07,1.4832129303087458,0.619592209788422,0.9974860737336394,-0.03002603333931264
2012-08-08,1.461642125589234,0.6172700964283185,0.9974487625699526,-0.04413265187687665
2012-08-09,1.4860003800728554,0.6265742949801696,0.997490374611176,-0.028203130066754234
2012-08-10,1.493327660304061,0.6232452700767112,0.9975024821492698,-0.023411322413609326
2012-08-13,1.4532834846137521,0.6094042802604054,0.9974334527567918,-0.04959893657356751
2012-08-14,1.4706584197227899,0.613391368125827,0.997463565346704,-0.03823628298297532
2012-08-15,1.446253254678687,0.6056573344031257,0.9974205504808618,-0.05419648280398792
2012-08-16,1.4199050045641832,0.5994262906694735,0.9973724681868117,-0.07142739830902822
2012-08-17,1.4184422590554302,0.599612185332298,0.9973695412120427,-0.07238398723456085
2012-08-20,1.4235693805237328,0.6019160129824279,0.9973787984509779,-0.06903101326397565
2012-08-21,1.4616882258457138,0.6109079736178401,0.9974469448513746,-0.044102503778968405
2012-08-22,1.4725261045405182,0.6055218025698319,0.9974655260440067,-0.03701487666018466
2012-08-23,1.4775814601825776,0.6083675748660856,0.997473988677888,-0.03370883525182933
2012-08-24,1.4661467187922446,0.5937663964836845,0.9974540774728087,-0.041186791543520895
2012-08-27,1.4482197309100013,0.5800760569615163,0.4916315371668085,-0.05291047004651095
2012-08-28,1.4484497773696452,0.5840523447215683,0.032396786792620445,-0.052760026996550136
2012-08-29,1.4484863369013588,0.5785207970208347,0.0,-0.052736118228448925
2012-08-30,1.4486060465159787,0.567641436334427,0.0,-0.05265783195722806
2012-08-31,1.4486659062699672,0.5700508269662182,0.49997933969670666,-0.05261868558664773
2012-09-03,1.4583649764707025,0.5819462912946728,0.5032637512550643,-0.04627580291398292
2012-09-04,1.444074767464646,0.5759459851389402,1.0,-0.05562114398455298
2012-09-05,1.442906113635476,0.5791697428510802,1.0,-0.05638540632825928
2012-09-06,1.4574824003994302,0.5855221090470112,1.0,-0.04685297952513445
2012-09-07,1.5620550894913259,0.6083082305744324,1.0,0.0
2012-09-10,1.5880557311352408,0.6163652369101495,1.0,0.0
2012-09-11,1.5834763388297222,0.6125723107692737,1.0,-0.002883647101128539
2012-09-12,1.6053800679606203,0.6177006724151605,1.0,0.0
2012-09-13,1.5575366428462782,0.6068953747861253,1.0,-0.029801930439512403
2012-09-14,1.5691306791500084,0.6077098854468124,1.0,-0.022579941992590613
2012-09-17,1.506184695458691,0.5899242397374466,1.0,-0.06178933853834445
2012-09-18,1.4901427882028762,0.586349922548697,1.0,-0.07178193005979872
2012-09-19,1.5050560827313566,0.5912234586404301,1.0,-0.062492357561601763
2012-09-20,1.4529710390487627,0.5702749032351764,1.0,-0.09493641534086628
2012-09-21,1.468189091572395,0.5647691600658894,1.0,-0.08545700742535356
2012-09-24,1.493770499333006,0.5717006038243403,1.0,-0.06952220901147499
2012-09-25,1.4755717092205776,0.5669396650245688,1.0,-0.08085833462785141
2012-09-26,1.4469234737219978,0.5530764355286237,1.0,-0.09870347676604474
2012-09-27,1.493568371158291,0.5692598286690368,1.0,-0.06964811575390262
2012-09-28,1.526425801466176,0.5802917325120924,0.5122550135818554,-0.04918104321224259
2012-10-08,1.5080304554130906,0.5787479701309692,0.5062645727099018,-0.0606396045960611
2012-10-09,1.525698628092655,0.5957104351041523,0.0,-0.04963400347257818
2012-10-10,1.5258247188883654,0.6014565645775074,0.0,-0.04955546082823692
2012-10-11,1.5259508201048022,0.5899893402657449,0.0,-0.049476911692768355
2012-10-12,1.5260769317428275,0.5881021520624262,0.0,-0.049398356065635474
2012-10-15,1.526203053803302,0.5838583192356304,0.0,-0.04931979394630215
2012-10-16,1.5263291862870874,0.5856093691084602,0.0,-0.049241225334231586
2012-10-17,1.526455329195045,0.5869357627714895,0.0,-0.04916265022888733
2012-10-18,1.5265814825280362,0.5969345282403731,0.0,-0.0490840686297328
2012-10-19,1.5267076462869227,0.5939095197671697,0.0,-0.049005480536231105
2012-10-22,1.5268338204725664,0.5963130043802183,0.0,-0.048926885947845555
2012-10-23,1.5269600050858285,0.5889009428286556,0.0,-0.04884828486403969
2012-10-24,1.5270862001275711,0.5865646274680418,0.0,-0.04876967728427639
2012-10-25,1.527212405598656,0.5780857975798305,0.0,-0.04869106320801897
2012-10-26,1.5273386214999451,0.5655581502867557,0.0,-0.0486124426347303
2012-10-29,1.5274648478323005,0.5645786828613416,0.0,-0.048533815563873706
2012-10-30,1.527591084596584,0.5643048090790772,0.0,-0.048455181994912055
2012-10-31,1.5277173317936583,0.5671386942129072,0.0,-0.048376541927308225
2012-11-01,1.527843589424385,0.5778680451846477,0.0,-0.04829789536052553
2012-11-02,1.5279698574896268,0.5805230576390603,0.0,-0.0482192422940263
2012-11-05,1.5280961359902459,0.578983917562175,0.0,-0.04814058272727362
2012-11-06,1.5282224249271046,0.5753614921881343,0.0,-0.048061916659730475
2012-11-07,1.5283487243010656,0.5740707835597434,0.0,-0.0479832440908593
2012-11-08,1.5284750341129911,0.5589002358242531,0.0,-0.04790456502012308
2012-11-09,1.5285792483198624,0.5572389099510059,0.1749880689952958,-0.04783964942228358
2012-11-12,1.5272014390085324,0.5617372476934871,0.17417551610710713,-0.04869789435681815
2012-11-13,1.5209631902777696,0.5470751786795688,0.49707981827492814,-0.052583733514325326
2012-11-14,1.5223093409909294,0.5494043765332617,0.4974830146299383,-0.0517452088932554
2012-11-15,1.5105518257677368,0.5399090086790799,1.0000000000000002,-0.059069029250716665
2012-11-16,1.5015673094668662,0.5367849000259118,1.0000000000000002,-0.06466553345565806
2012-11-19,1.5148342864770088,0.5396026543714496,1.0000000000000002,-0.05640146111857203
2012-11-20,1.497369696032907,0.5378187290119806,1.0000000000000002,-0.06728024975725733
2012-11-21,1.5189221759667462,0.5444208533395379,1.0000000000000002,-0.05385509246025777
2012-11-22,1.4956299729808613,0.5374245348168394,1.0000000000000002,-0.06836393273474428
2012-11-23,1.5069886772590853,0.5392118010057242,1.0000000000000002,-0.061288533889999997
2012-11-26,1.480334875958087,0.5321023715779144,1.0000000000000002,-0.07789133208896959
2012-11-27,1.4068878208322984,0.5154011274999769,1.0000000000000002,-0.12364190330360503
2012-11-28,1.3732878112263998,0.5068904045413958,1.0000000000000002,-0.14457153253999022
2012-11-29,1.3493987026926153,0.5003989147745109,1.0000000000000002,-0.15945218853575804
2012-11-30,1.3669904173191496,0.5083926192249535,1.0000000000000002,-0.1484942135505063
2012-12-03,1.3256413815567285,0.4963960292861212,1.0000000000000002,-0.17425075344261332
2012-12-04,1.3684942748996325,0.5035075163052085,1.0000000000000002,-0.14755745246165508
2012-12-05,1.4321626326593837,0.5241047876118241,1.0000000000000002,-0.10789808516887955
2012-12-06,1.4419747727454828,0.5242803359043023,1.0000000000000002,-0.10178604959429816
2012-12-07,1.48238642273577,0.5377999897938164,1.0000000000000002,-0.07661341241211139
2012-12-10,1.5286987679154533,0.5489257288657278,1.0000000000000002,-0.04776520001433571
2012-12-11,1.5301344740535845,0.5436704005413249,0.9994578970712644,-0.04687089083062013
2012-12-12,1.5248584005051355,0.5465101620024848,0.9994559764156509,-0.050157385819405764
2012-12-13,1.4997962264613025,0.5390129994446905,0.48624748889820824,-0.06576875071922705
2012-12-14,1.5211375502174644,0.564252086729536,0.4934134937033496,-0.05247512375693841
2012-12-17,1.5462110341182733,0.5682480406990907,0.5015871539557449,-0.036856713885523584
2012-12-18,1.5470701000910285,0.5666166197996143,0.5018227472327224,-0.036321597005788964
2012-12-19,1.5614795414411116,0.5688927231735752,0.5063791696842453,-0.02734587740040728
2012-12-20,1.5541580486500581,0.5730886339609421,0.5040127809611469,-0.031906475191031625
2012-12-21,1.5490413611893628,0.570455266771977,0.5023333438308082,-0.03509368771647137
2012-12-24,1.5377517702760717,0.5744505611135394,0.4986382323516881,-0.04212603546925775
2012-12-25,1.5535678787687335,0.589614406580501,0.5037013362522336,-0.03227409522886748
2012-12-26,1.5691008235955526,0.5969928512049283,0.5085737178458067,-0.022598539180291866
2012-12-27,1.5817226952710803,0.5901392445721155,0.5124549243513159,-0.014736306474511629
2012-12-28,1.5966282170611095,0.597231716670723,0.5169665453714736,-0.005451575657488106
2012-12-31,1.6021242498469495,0.6041789745586619,0.5185837920445554,-0.0020280668600842766
2013-01-04,1.5980617020021006,0.6029005611056265,0.517320061593152,-0.004558650069585335
2013-01-07,1.6033836482849622,0.6098199572118019,0.5188824129248212,-0.001243580704346381
2013-01-08,1.6302803642751607,0.6154508633497329,0.5267808885399613,0.0
2013-01-09,1.6500945606375195,0.6151563899286707,0.34977795848912474,0.0
2013-01-10,1.6504171452373786,0.619287036623237,0.34985132169549155,0.0
2013-01-11,1.637316597558435,0.6061899732605894,0.0,-0.007937719089230244
2013-01-14,1.6374519129797207,0.6292314237136628,0.0,-0.00785573047097321
2013-01-15,1.6375872395840994,0.6400834526389325,0.0,-0.007773735076797128
2013-01-16,1.6377225773724948,0.6380312809112868,0.0,-0.0076917329061423345
2013-01-17,1.6378579263458315,0.6288531632166423,0.0,-0.0076097239584485
2013-01-18,1.6379932865050335,0.6390555325631808,0.0,-0.007527708233155961
2013-01-21,1.6381286578510257,0.6438005441980401,0.0,-0.007445685729704055
2013-01-22,1.6382640403847324,0.6317875562768491,0.0,-0.007363656447533007
2013-01-23,1.6383994341070784,0.6339362482355705,0.0,-0.007281620386082266
2013-01-24,1.6385348390189882,0.6193720668346713,0.0,-0.007199577544791724
2013-01-25,1.6386702551213863,0.6176214197672576,0.0,-0.0071175279231013855
2013-01-28,1.6388056824151982,0.6344773878479341,0.0,-0.007035471520450254
2013-01-29,1.638941120901348,0.6401434932448536,0.0,-0.006953408336278555
2013-01-30,1.6390765705807613,0.6404057601240023,0.0,-0.006871338370025404
2013-01-31,1.639212031454363,0.6377426165177791,0.0,-0.00678926162113036
2013-02-01,1.6393475035230782,0.6425189890751637,0.0,-0.0067071780890328725
2013-02-04,1.6394829867878322,0.6386725170176614,0.0,-0.0066250877731725
2013-02-05,1.6396184812495502,0.6451839250661,0.0,-0.006542990672988469
2013-02-06,1.6397539869091577,0.6483109779090749,0.0,-0.006460886787920006
2013-02-07,1.6398895037675798,0.6505137024212269,0.0,-0.006378776117406781
2013-02-08,1.6400250318257423,0.6595343655924591,0.0,-0.006296658660887577
2013-02-18,1.6401605710845708,0.6625233768466868,0.0,-0.0062145344178017314
2013-02-19,1.6402961215449912,0.6495553804822038,0.0,-0.006132403387588248
2013-02-20,1.6404316832079286,0.6617670973110651,0.0,-0.006050265569686464
2013-02-21,1.6405672560743096,0.6462834375011355,0.0,-0.005968120963535051
2013-02-22,1.6407028401450596,0.6450030341578391,0.0,-0.005885969568573346
2013-02-25,1.6408384354211045,0.6518027782741636,0.0,-0.005803811384240243
2013-02-26,1.6409740419033707,0.6421692422785674,0.0,-0.0057216464099745235
2013-02-27,1.641109659592784,0.644566141572322,0.0,-0.005639474645215081
2013-02-28,1.641245288490271,0.6586239308124248,0.0,-0.005557296089400698
2013-03-01,1.641380928596758,0.6665553478614572,0.0,-0.005475110741969935
2013-03-04,1.6415165799131708,0.6425700199237359,0.0,-0.005392918602362018
2013-03-05,1.6416522424404365,0.6576550545049106,0.0,-0.005310719670014952
2013-03-06,1.6417879161794813,0.6680056709945418,0.0,-0.005228513944367741
2013-03-07,1.6419236011312315,0.6597943144303676,0.0,-0.005146301424859168
2013-03-08,1.6420592972966144,0.6529759577729961,0.0,-0.005064082110927237
2013-03-11,1.642195004676556,0.6521691701438238,0.0,-0.004981856002010843
2013-03-12,1.64226964990404,0.6354182523717133,0.4499795463842555,-0.004936627904557289
2013-03-13,1.6434118164828266,0.6290619936644977,0.4503163844048321,-0.0042445806957152055
2013-03-14,1.6533815695942944,0.6310385197937491,0.4535857763408872,0.0
2013-03-15,1.6407948841055329,0.6316353978767756,0.4493486789539893,-0.0076126925086325015
2013-03-18,1.6201241952561969,0.6234353991299698,0.4929191117193568,-0.020114760530600462
2013-03-19,1.6294716847523776,0.6256572202435785,0.4957863219614296,-0.014461201988470118
2013-03-20,1.6550387343727058,0.6435234961171702,0.5035343914627184,0.0
2013-03-21,1.6570740178948002,0.6514996643551978,0.5041031902406227,0.0
2013-03-22,1.657347343308416,0.652489316558851,0.5041439958042413,0.0
2013-03-25,1.6537024580217328,0.6514975910183709,0.5030100215117849,-0.002199228364168526
2013-03-26,1.6352264668838659,0.6457793883853356,0.49735312562653844,-0.013347157742077287
2013-03-27,1.6339946320441174,0.64739549271918,0.49693261813784734,-0.014090414636730109
2013-03-28,1.6152998370821445,0.6271834267700815,0.49106827270810743,-0.025370364514137322
2013-03-29,1.6120525774723418,0.6263035248458864,0.49000095409707484,-0.027329675954140265
2013-04-01,1.6144383043082329,0.6309027209367349,0.4907125158312133,-0.02589019083623567
2013-04-02,1.6154589938150294,0.621984474024464,0.4909922337855438,-0.02527433350800723
2013-04-03,1.6132149626128383,0.6161553415286171,0.4902420631886949,-0.026628323189923586
2013-04-08,1.6047789870612867,0.6199918957253626,0.48752002590788157,-0.03171836999611177
2013-04-09,1.6140301220783067,0.6247625903775428,0.49041529596205846,-0.026136477308153827
2013-04-10,1.6249039634560238,0.6218548667434597,0.49378359919181164,-0.01957548608225257
2013-04-11,1.6156943847794671,0.6194978891756331,0.05848626995355505,-0.025132304762259916
2013-04-12,1.6149644962837688,0.6141882347968104,0.057982903519260796,-0.025572700373140966
2013-04-15,1.6155061339622043,0.6058064281470392,0.05822091108556312,-0.02524589037726266
2013-04-16,1.6180668744361257,0.6117428705008608,0.059633653788506505,-0.023700806611774095
2013-04-17,1.6184633079826904,0.6179408887813379,0.0,-0.023461608987832783
2013-04-18,1.6185970652808708,0.6198959306457925,0.0,-0.0233809033356831
2013-04-19,1.6187308336333732,0.6339947463233108,0.0,-0.023300191013644778
2013-04-22,1.6188646130411115,0.6376799864501653,0.0,-0.023219472021166587
2013-04-23,1.6189315082730538,0.6179708675688241,0.49997933969670716,-0.02317910918943289
2013-04-24,1.6307518032010546,0.6324967493307785,0.5035626507210659,-0.01604705266807327
2013-04-25,1.6233670914871716,0.6206410696149957,0.5012631381724449,-0.020502794395176438
2013-04-26,1.6044539773981565,0.6083355239601298,0.49534238312376716,-0.03191447231856248
2013-05-02,1.582644189463033,0.6109735849192626,0.488345615924638,-0.04507392740996574
2013-05-03,1.596781999458854,0.6241269845142158,0.4928338614013806,-0.03654354296587037
2013-05-06,1.6240738042706635,0.6369134528416702,0.5013153422402339,-0.020076382402334225
2013-05-07,1.6390989584088635,0.6389427508382108,0.5058458069018328,-0.011010597732111438
2013-05-08,1.6431841142476187,0.646013680533215,0.5070335967528088,-0.008545721642467918
2013-05-09,1.6482787987720922,0.6473794973271862,0.5085166973680387,-0.0054717223718603325
2013-05-10,1.649537488917082,0.6496460715984584,0.5088511393891092,-0.004712261689057917
2013-05-13,1.6473499948640187,0.6527314256351019,0.5081583046628881,-0.00603213833525118
2013-05-14,1.6362255527027156,0.6435066332520821,0.5047734253058623,-0.012744335513602656
2013-05-15,1.6372829072472759,0.6531379332088171,0.5050523404089363,-0.012106355461425022
2013-05-16,1.6433449837812482,0.6596053295854943,0.5068373812547265,-0.00844865717720722
2013-05-17,1.6550422644802099,0.6699090300760209,0.5102824191828544,-0.0013908242213154232
2013-05-20,1.6713874757560407,0.680661702928598,0.5150314996299579,0.0
2013-05-21,1.68271164356215,0.6912120452651617,0.518255388535985,0.0
2013-05-22,1.6739278045624468,0.683645828489948,0.515687439123945,-0.00522005005035131
2013-05-23,1.6575382263207237,0.6778178547190759,0.5108581815930907,-0.014960030340157693
2013-05-24,1.6634173030732333,0.689660997800395,0.0,-0.011466219160445323
2013-05-27,1.6635547755776194,0.6967845590787739,0.0,-0.011384522153764398
2013-05-28,1.6636922594433696,0.6944668206045261,0.0,-0.011302818395264702
2013-05-29,1.6638297546714227,0.7002788542756168,0.0,-0.011221107884388348
2013-05-30,1.663967261262718,0.7016443754330997,0.0,-0.011139390620577005
2013-05-31,1.6641047792181942,0.6968047308024383,0.0,-0.011057666603273009
2013-06-03,1.664242308538791,0.691331110363422,0.0,-0.010975935831917805
2013-06-04,1.6643798492254471,0.6763117378098983,0.0,-0.010894198305953506
2013-06-05,1.664517401279102,0.6798033350086138,0.0,-0.010812454024821783
2013-06-06,1.6646549647006952,0.6678751017702573,0.0,-0.010730702987964413
2013-06-07,1.6647925394911665,0.6558187207102671,0.0,-0.010648945194822845
2013-06-13,1.6649301256514548,0.6356550264063883,0.0,-0.01056718064483908
2013-06-14,1.6650677231825004,0.6494819514437834,0.0,-0.010485409337454343
2013-06-17,1.6652053320852427,0.6519931262445336,0.0,-0.010403631272110303
2013-06-18,1.6653429523606216,0.6539933886129935,0.0,-0.010321846448248628
2013-06-19,1.665480584009577,0.6514717766134256,0.0,-0.010240054865310433
2013-06-20,1.665549405521312,0.6273497702631676,0.499979339696707,-0.010199155694024409
2013-06-21,1.6718091249090485,0.6246790524942478,1.0,-0.006479136633310456
2013-06-24,1.5593404322533102,0.5850043406225828,1.0,-0.07331690594811247
2013-06-25,1.5593348048305131,0.5856360258417956,1.0,-0.07332025020666
2013-06-26,1.6003313140065047,0.6008152968067353,1.0,-0.04895689042791285
2013-06-27,1.5783594633452305,0.590379872622763,1.0,-0.062014297349256675
2013-06-28,1.5796677442279157,0.588994817885376,1.0,-0.06123681364449329
2013-07-01,1.601924539341013,0.602815139763089,1.0,-0.048010070251916726
2013-07-02,1.6283515173161438,0.6151805804504357,1.0,-0.032305075236141345
2013-07-03,1.624154181814468,0.6178141350290548,1.0,-0.03479946309976267
2013-07-04,1.6440318206874192,0.6213866136289182,1.0,-0.022986602025792835
2013-07-05,1.64287693805216,0.6150931088148546,1.0,-0.023672924391052286
2013-07-08,1.570287230213906,0.5900919130029356,1.0,-0.06681145505729769
2013-07-09,1.5671751551196265,0.5939897854285139,1.0,-0.0686608955756336
2013-07-10,1.6350995565407698,0.6129544063499732,1.0,-0.028294858007037793
2013-07-11,1.6956425577358947,0.6302281464038915,1.0,0.0
2013-07-12,1.6811457004408108,0.6270941365175916,1.0,-0.008549477145962214
2013-07-15,1.7291744123052266,0.6439548817943532,1.0,0.0
2013-07-16,1.7670313738001284,0.6522330974205889,1.0,0.0
2013-07-17,1.7517791106907092,0.6428670415737006,1.0,-0.008631574592033453
2013-07-18,1.744392162498822,0.6427866277754556,0.5272116191360695,-0.012812003022119156
2013-07-19,1.7294111741748017,0.6263867578725127,0.0,-0.021290057541209162
2013-07-22,1.7295541007181219,0.6423295438773715,0.0,-0.021209172421997824
2013-07-23,1.729697039073553,0.6596246344680576,0.0,-0.02112828061806571
2013-07-24,1.7298399892420715,0.6647839996189859,0.0,-0.021047382128860703
2013-07-25,1.7299829512246536,0.6479718445208846,0.0,-0.020966476953829916
2013-07-26,1.7301259250222754,0.6471010877122084,0.0,-0.020885565092421232
2013-07-29,1.7302689106359135,0.6339588524028801,0.0,-0.020804646544081762
2013-07-30,1.7304119080665445,0.6309108056469006,0.0,-0.020723721308258947
2013-07-31,1.730554917315145,0.6333999630181134,0.0,-0.020642789384400118
2013-08-01,1.7306979383826917,0.6551066450430951,0.0,-0.020561850771952606
2013-08-02,1.7308409712701613,0.6575308032114437,0.0,-0.02048090547036352
2013-08-05,1.730984015978531,0.6688806345597375,0.0,-0.02039995347907997
2013-08-06,1.731127072508777,0.6762770265192453,0.0,-0.020318994797549395
2013-08-07,1.731270140861877,0.666918783166747,0.0,-0.020238029425218684
2013-08-08,1.7314132210388076,0.6698645878212586,0.0,-0.020157057361534836
2013-08-09,1.7315563130405462,0.6696187740398571,0.0,-0.020076078605944847
2013-08-12,1.7316994168680702,0.67863003478242,0.0,-0.019995093157895827
2013-08-13,1.731842532522357,0.683090756885194,0.0,-0.01991410101683444
2013-08-14,1.7319856600043835,0.6817329128581198,0.0,-0.019833102182207796
2013-08-15,1.7321287993151275,0.6748094677597535,0.0,-0.01975209665346256
2013-08-16,1.7322719504555668,0.6586080050224717,0.0,-0.019671084430045505
2013-08-19,1.7324151134266788,0.674104248149805,0.0,-0.01959006551140341
2013-08-20,1.7325582882294415,0.6748143573934805,0.0,-0.019509039896982716
2013-08-21,1.7327014748648322,0.680219284346862,0.0,-0.019428007586230533
2013-08-22,1.7328446733338292,0.6811005815443164,0.0,-0.019346968578593082
2013-08-23,1.7329878836374104,0.6798270072396988,0.0,-0.019265922873517027
2013-08-26,1.733131105776554,0.6946952657851213,0.0,-0.0191848704704487
2013-08-27,1.7332743397522379,0.700629961060885,0.0,-0.019103811368834767
2013-08-28,1.7334175855654406,0.6933797046873582,0.0,-0.019022745568121446
2013-08-29,1.73356084321714,0.6918886473740344,0.0,-0.018941673067755183
2013-08-30,1.7337041127083153,0.6779000503101488,0.0,-0.018860593867182196
2013-09-02,1.733847394039944,0.6838734963499933,0.0,-0.01877950796584893
2013-09-03,1.7339906872130053,0.694833444457378,0.0,-0.01869841536320138
2013-09-04,1.7341339922284773,0.696456447741531,0.0,-0.018617316058685995
2013-09-05,1.7342773090873393,0.6985161968097087,0.0,-0.018536210051748547
2013-09-06,1.7344206377905698,0.7045669872854554,0.0,-0.01845509734183548
2013-09-09,1.7345639783391475,0.7124003672030195,0.0,-0.018373977928392682
2013-09-10,1.7347073307340517,0.7194238035457664,0.0,-0.01829285181086604
2013-09-11,1.734850694976261,0.7103388126450275,0.0,-0.018211718988701664
2013-09-12,1.734994071066755,0.710589084636344,0.0,-0.01813057946134533
2013-09-13,1.7351374590065125,0.7130048880760195,0.0,-0.01804943322824304
2013-09-16,1.735280858796513,0.7161583259889237,0.0,-0.017968280288840455
2013-09-17,1.7354242704377358,0.7022603770128393,0.0,-0.017887120642583243
2013-09-18,1.7355676939311604,0.708854893740343,0.0,-0.017805954288917403
2013-09-23,1.7357111292777665,0.7252193124332984,0.0,-0.017724781227288267
2013-09-24,1.7358545764785331,0.7271170160487455,0.0,-0.017643601457141833
2013-09-25,1.7359980355344404,0.7233420310639733,0.0,-0.017562414977923435
2013-09-26,1.736141506446468,0.7080122315036399,0.0,-0.017481221789078627
2013-09-27,1.7362849892155958,0.7090431300359056,0.0,-0.017400021890052964
2013-09-30,1.736428483842804,0.7199455969558696,0.0,-0.017318815280291666
2013-10-08,1.7365719903290717,0.7330624102040105,0.0,-0.017237601959240623
2013-10-09,1.7367155086753798,0.7432755639899822,0.0,-0.01715638192634472
2013-10-10,1.7368590388827085,0.7373666016213446,0.0,-0.017075155181049295
2013-10-11,1.7370025809520375,0.7493321637226568,0.0,-0.0169939217227999
2013-10-14,1.7371461348843475,0.7581718991437197,0.0,-0.01691268155104142
2013-10-15,1.737289700680619,0.7582110818389285,0.0,-0.016831434665219303
2013-10-16,1.7374332783418325,0.7339794307562193,0.0,-0.016750181064778213
2013-10-17,1.737576867868968,0.7329086863216626,0.0,-0.016668920749163818
2013-10-18,1.7377204692630068,0.7374096446046015,0.0,-0.016587653717820783
2013-10-21,1.7378640825249294,0.7578216027179155,0.0,-0.016506379970194107
2013-10-22,1.7380077076557165,0.7492127026104874,0.0,-0.016425099505728902
2013-10-23,1.7381513446563492,0.7294601833982235,0.0,-0.016343812323869833
2013-10-24,1.7382949935278085,0.7239576070129912,0.0,-0.0162625184240619
2013-10-25,1.7384386542710755,0.7086442527087917,0.0,-0.01618121780574966
2013-10-28,1.738582326887131,0.7075747854151985,0.0,-0.01609991046837822
2013-10-29,1.7387260113769565,0.689331295901124,0.0,-0.016018596411392028
2013-10-30,1.7388697077415332,0.7017852439597622,0.0,-0.01593727563423597
2013-10-31,1.7390134159818424,0.6904547883117507,0.0,-0.015855948136354492
2013-11-01,1.7391571360988656,0.687178595647516,0.0,-0.01577461391719226
2013-11-04,1.7392290020962256,0.6915208668190076,0.49997933969670644,-0.015733943446692655
2013-11-05,1.7792361617220038,0.7026352767742116,0.511182200151696,0.0
2013-11-06,1.7492678994064694,0.6956729388962634,1.0000000000000002,-0.0168433302786124
2013-11-07,1.752443288402781,0.6868951209106335,1.0000000000000002,-0.015058638024359805
2013-11-08,1.7487136974460114,0.6762902320665602,1.0000000000000002,-0.017154813359038235
2013-11-11,1.694117489010597,0.6803130361745412,1.0000000000000002,-0.047840008281433644
2013-11-12,1.7187277959677936,0.6870143957468661,1.0000000000000002,-0.034008057533884806
2013-11-13,1.691367152642584,0.6723269777157326,1.0000000000000002,-0.049385804408548784
2013-11-14,1.7410337201307537,0.6830710900965856,1.0000000000000002,-0.02147125964114649
2013-11-15,1.7776467354504113,0.6979900602086146,1.0000000000000002,-0.0008933194512268372
2013-11-18,1.814768312104967,0.7170349600311229,1.0000000000000002,0.0
2013-11-19,1.845249941094028,0.7192485472123635,1.0000000000000002,0.0
2013-11-20,1.8605075165277514,0.7268465929700851,1.0000000000000002,0.0
2013-11-21,1.9112649822238943,0.7242857682007223,1.0000000000000002,0.0
2013-11-22,1.9182378608928365,0.7202713276064407,1.0000000000000002,0.0
2013-11-25,1.8737346312538496,0.7207101721566176,1.0000000000000002,-0.023200058004419266
2013-11-26,1.8340923952006434,0.7233003912352703,1.0000000000000002,-0.04386602277416629
2013-11-27,1.9058777210240738,0.7340142244708284,1.0000000000000002,-0.006443486556463762
2013-11-28,1.8985353842752128,0.740977188192804,1.0000000000000002,-0.01027113322038864
2013-11-29,1.9597689103073808,0.7483446712479986,1.0000000000000002,0.0
2013-12-02,1.78913988593428,0.7075056321024646,0.47952666822641704,-0.08706589000145859
2013-12-03,1.7826317015283795,0.7189378186010802,0.4775833082699087,-0.09038678379239018
2013-12-04,1.7998149706606819,0.7282750082933482,0.0,-0.0816187759717093
2013-12-05,1.7999637156995794,0.7242537081116582,0.0,-0.08154287669699622
2013-12-06,1.8001124730314553,0.7219531447396779,0.0,-0.08146697114961587
2013-12-09,1.8002612426573257,0.730522778122809,0.0,-0.08139105932904966
2013-12-10,1.8004100245782066,0.7292911262856959,0.0,-0.08131514123477923
2013-12-11,1.800558818795114,0.7214699171682035,0.0,-0.08123921686628621
2013-12-12,1.8007076253090641,0.7261076797805449,0.0,-0.08116328622305202
2013-12-13,1.8008564441210733,0.7287639619139468,0.0,-0.08108734930455797
2013-12-16,1.8010052752321577,0.7159457788750033,0.0,-0.08101140611028557
2013-12-17,1.801154118643334,0.7102531334512104,0.0,-0.08093545663971613
2013-12-18,1.8013029743556184,0.708421161238515,0.0,-0.08085950089233107
2013-12-19,1.801451842370028,0.7013383764017971,0.0,-0.08078353886761136
2013-12-20,1.8016007226875792,0.6920059740066059,0.0,-0.08070757056503852
2013-12-23,1.801749615309289,0.6905060893768945,0.0,-0.08063159598409353
2013-12-24,1.801898520236174,0.6970620616886429,0.0,-0.08055561512425746
2013-12-25,1.802010208160982,0.709582687138544,0.24998450509265957,-0.08049862476982306
2013-12-26,1.7863671027751873,0.6951903600499575,0.4955642151038646,-0.08848074210188195
2013-12-27,1.795614421328711,0.7091781452321653,0.4981205582946338,-0.08376216609790121
2013-12-30,1.7892352482525251,0.7131671651301703,0.49628957845370797,-0.08701723002030282
2013-12-31,1.8047062476960058,0.7132913195234533,0.500566407249459,-0.07912293219666089
2014-01-02,1.7950257986373097,0.7206657015458149,0.49783149858371545,-0.0840625192101001
2014-01-03,1.7928585994125699,0.7161604033078709,0.4971829279141413,-0.08516836348252499
2014-01-06,1.7627142784357093,0.6934676147960501,0.48854194629166703,-0.10054993261463896
2014-01-07,1.7594351506937524,0.7001227473056045,0.4875463739789646,-0.10222315425047068
2014-01-08,1.747546266171649,0.7064124648319089,0.4840174163261242,-0.10828962691445376
2014-01-09,1.7367880336169677,0.6959380988142571,0.48077834427720995,-0.11377916830787949
2014-01-10,1.7302687833647534,0.6845105531749761,0.47877896530945047,-0.11710570860450653
2014-01-13,1.7404862528064522,0.6835292655265884,0.4817959536496829,-0.11189209929171451
2014-01-14,1.7417239987578446,0.7003554902226669,0.4821214159719145,-0.11126052179046808
2014-01-15,1.7342918620809153,0.7075541285362308,0.4798591150941547,-0.11505287538779274
2014-01-16,1.7462673011858052,0.7067912458484336,0.48338341160068404,-0.10894223701512273
2014-01-17,1.7192291299245928,0.6991925087709701,0.4752152591104111,-0.1227388490131015
2014-01-20,1.7122304836348807,0.6936148145271415,0.47302668293286365,-0.12631000796602843
2014-01-21,1.7184762553751967,0.7071609566876126,0.474898564963254,-0.12312301397532555
2014-01-22,1.7396764991702311,0.7244480779702509,0.48125474788162853,-0.11230528761813507
2014-01-23,1.7280708917538907,0.7322778035501784,0.25372491554053433,-0.11822721410411052
2014-01-24,1.7372695377202354,0.7424850023370112,0.0,-0.11353347398099467
2014-01-27,1.7374131137150883,0.7398187310021963,0.0,-0.11346021228462944
2014-01-28,1.7375567015757258,0.7376037533610774,0.0,-0.11338694453357867
2014-01-29,1.7377003013031287,0.7476420003924282,0.0,-0.11331367072734189
2014-01-30,1.7378439128982777,0.741718505962974,0.0,-0.11324039086541848
2014-02-07,1.7379875363621538,0.7594090943797579,0.0,-0.11316710494730808
2014-02-10,1.7381311716957373,0.7824932512720789,0.0,-0.11309381297251042
2014-02-11,1.7382748189000097,0.7837327209998787,0.0,-0.11302051494052467
2014-02-12,1.738418477975952,0.7935407893001315,0.0,-0.11294721085085024
2014-02-13,1.738562148924545,0.7756339475339545,0.0,-0.11287390070298664
2014-02-14,1.73870583174677,0.7906804736808405,0.0,-0.11280058449643326
2014-02-17,1.7388495264436088,0.8099056950628917,0.0,-0.11272726223068907
2014-02-18,1.738993233016042,0.8095614305664793,0.0,-0.11265393390525369
2014-02-19,1.7391369514650519,0.8089743470392282,0.0,-0.11258059951962596
2014-02-20,1.739280681791619,0.7946305807904438,0.0,-0.11250725907330528
2014-02-21,1.7394244239967258,0.7921816165236977,0.0,-0.11243391256579072
2014-02-24,1.7395681780813537,0.795095537156814,0.0,-0.11236055999658123
2014-02-25,1.7397119440464843,0.7595931762375917,0.0,-0.112287201365176
2014-02-26,1.7398557218931,0.7636867024023337,0.0,-0.11221383667107387
2014-02-27,1.739999511622182,0.7514158832344424,0.0,-0.11214046591377391
2014-02-28,1.7401433132347126,0.7603025107261542,0.0,-0.11206708909277519
2014-03-03,1.7402871267316742,0.7769063754658724,0.0,-0.1119937062075762
2014-03-04,1.7404309521140486,0.7757185466810911,0.0,-0.11192031725767604
2014-03-05,1.7405747893828185,0.7739884078915211,0.0,-0.11184692224257331
2014-03-06,1.7407186385389657,0.7743522142904665,0.0,-0.11177352116176698
2014-03-07,1.740862499583473,0.7725090283345474,0.0,-0.11170011401475566
2014-03-10,1.741006372517323,0.7401543655047428,0.0,-0.11162670080103776
2014-03-11,1.7411502573414979,0.7387289417305953,0.0,-0.11155328152011224
2014-03-12,1.7411502573414979,0.736071473817366,1.0,-0.11155328152011224
2014-03-13,1.7694077909234875,0.746688572608411,1.0,-0.09713447253025154
2014-03-14,1.7950956684054757,0.7430969306037101,1.0,-0.08402686716571939
2014-03-17,1.8645359703397428,0.7612346095697843,1.0,-0.04859396404686356
2014-03-18,1.8809495886715495,0.7653187555148756,1.0,-0.04021868150947905
2014-03-19,1.869939983280521,0.7639342747731926,1.0,-0.04583648947302188
2014-03-20,1.7593898112362902,0.740906679548237,1.0,-0.10224628935442293
2014-03-21,1.7798420551230045,0.7557650727917697,1.0,-0.09181024060441678
2014-03-24,1.733218313978269,0.7591886440692892,1.0,-0.11560066859800233
2014-03-25,1.7400288748025117,0.7591569892138165,1.0,-0.11212548293278302
2014-03-26,1.796332902745355,0.7630975181582618,1.0,-0.0833955507215346
2014-03-27,1.7298668070190637,0.747564554403025,1.0,-0.11731082276035187
2014-03-28,1.6648555068118926,0.7270836579289908,1.0,-0.1504837646644942
2014-03-31,1.6279081075430106,0.7216331979081169,1.0,-0.1693367013931858
2014-04-01,1.6709813139530245,0.7345773518272579,1.0,-0.1473579843192131
2014-04-02,1.6437199657738364,0.7327349340179825,1.0,-0.16126847551835766
2014-04-03,1.6748023480459815,0.7317288035664996,1.0,-0.1454082472492655
2014-04-04,1.7137874513273472,0.741296791888552,1.0,-0.12551554302463774
2014-04-08,1.7248506351998605,0.7494260249013188,1.0,-0.11987039587778459
2014-04-09,1.7804369611892137,0.7579184945711612,1.0,-0.09150668131072637
2014-04-10,1.7699583901256326,0.7628839276861153,0.0,-0.09685352144502446
2014-04-11,1.7701046676785355,0.7584359506888282,0.0,-0.0967788812401853
2014-04-14,1.7702509573204925,0.7641797543735708,0.0,-0.09670423486673396
2014-04-15,1.7703972590525023,0.757999660324281,0.0,-0.09662958232416108
2014-04-16,1.7705435728755647,0.7580166550319334,0.0,-0.09655492361195628
2014-04-17,1.7706898987906783,0.7572862744920345,0.0,-0.0964802587296103
2014-04-18,1.7708362367988428,0.7598323094091564,0.0,-0.09640558767661267
2014-04-21,1.7709825869010578,0.7451392550909468,0.0,-0.09633091045245368
2014-04-22,1.7711289490983222,0.7403289141522563,0.0,-0.0962562270566234
2014-04-23,1.7712753233916363,0.7366056712568599,0.0,-0.09618153748861136
2014-04-24,1.7713814535246484,0.7286586088339339,0.27498352371448836,-0.09612738307660196
2014-04-25,1.7620702586388208,0.7119640488774497,0.2710921302943839,-0.10087855288894843
2014-04-28,1.7397090603058907,0.6883262280392587,0.26166216209387044,-0.11228867283488786
2014-04-29,1.7472295434072227,0.6999177560238596,0.26477938318548616,-0.10845123921616973
2014-04-30,1.752964484363034,0.704876658157732,0.26712414352825825,-0.10552490390916058
2014-05-05,1.756212996009379,0.7130469668819007,0.2684193063385508,-0.10386730457218796
2014-05-06,1.7566412806860259,0.7183982860100139,0.26853722570700905,-0.10364876621575514
2014-05-07,1.7475094901141788,0.7050786076499295,0.26465412438471647,-0.10830839242158918
2014-05-08,1.7463514724895832,0.7057312219472837,0.26410569881219004,-0.10889928740849553
2014-05-09,1.7437180776215038,0.6974234036870598,0.4882918504784603,-0.11024301464808439
2014-05-12,1.7672892151860689,0.7161168202006399,0.49507500819103534,-0.09821550597571338
2014-05-13,1.770095987078321,0.7166166886147171,0.49583398480880886,-0.09678331064008483
2014-05-14,1.7696493996085867,0.7161637261752223,0.49566507670233634,-0.0970111882573822
2014-05-15,1.7526888190965624,0.7010693775820441,0.490742598178405,-0.10566556603775223
2014-05-16,1.7515122826956173,0.6996202568054412,0.4903584010632995,-0.10626591049405887
2014-05-19,1.7524698839233834,0.6950840302053384,0.4905947881378515,-0.10577728082821936
2014-05-20,1.7584342081681912,0.6987596109996265,0.49228065136385896,-0.102733899430832
2014-05-21,1.7626672320297756,0.7072738498192674,0.4934580736781997,-0.10057393871336118
2014-05-22,1.7607250548949227,0.7069236159528551,0.49285742076643163,-0.10156496225937117
2014-05-23,1.7677624734380644,0.7154541904504953,0.4948345970338017,-0.09797401921188809
2014-05-26,1.7820234615575492,0.7254513561722995,0.2319624289152575,-0.09069714690083175
2014-05-27,1.7737265778244453,0.7219113078990644,0.2283060418553956,-0.09493075000039441
2014-05-28,1.7783232222277578,0.733632872217928,0.2302371198764038,-0.09258524672236179
2014-05-29,1.7713280707627563,0.7232960099977633,0.2271333813858668,-0.09615462239120243
2014-05-30,1.7750454985118154,0.7249114849417566,0.22868823465187793,-0.09425775193392183
2014-06-03,1.78111638336928,0.7232132245691315,0.23125370150467153,-0.09115999646615469
2014-06-04,1.7820236877136757,0.7180048714153399,0.23158160266279165,-0.09069703150144703
2014-06-05,1.7913715330261746,0.7285284671957205,0.23552823662781702,-0.08592716028686964
2014-06-06,1.7848123864000984,0.7256899163764812,0.23265540788869324,-0.08927405827651447
2014-06-09,1.7827247776912212,0.7201576561347546,0.0,-0.09033929035459132
2014-06-10,1.7828721103174765,0.7322818453763303,0.0,-0.09026411178354632
2014-06-11,1.7830194551199823,0.7366357902135275,0.0,-0.09018892699939618
2014-06-12,1.7831668120997441,0.7363896174482553,0.0,-0.09011373600162753
2014-06-13,1.783314181257769,0.7459939738770626,0.0,-0.09003853878972679
2014-06-16,1.783461562595063,0.7528143233575814,0.0,-0.08996333536318057
2014-06-17,1.7836089561126327,0.7448755068182117,0.0,-0.08988812572147509
2014-06-18,1.783756361811485,0.739071434684378,0.0,-0.08981290986409673
2014-06-19,1.7839037796926265,0.7150216531109544,0.0,-0.0897376877905317
2014-06-20,1.7840512097570638,0.723537187952221,0.0,-0.08966245950026652
2014-06-23,1.784198652005804,0.7329636770931388,0.0,-0.08958722499278726
2014-06-24,1.784346106439854,0.7391862403752314,0.0,-0.08951198426758
2014-06-25,1.784493573060221,0.7348636110776046,0.0,-0.08943673732413104
2014-06-26,1.7846410518679119,0.7485430550481431,0.0,-0.08936148416192646
2014-06-27,1.784788542863934,0.7543710789067833,0.0,-0.08928622478045223
2014-06-30,1.7849360460492947,0.7632735580359452,0.0,-0.08921095917919442
2014-07-01,1.7850835614250011,0.767843141825155,0.0,-0.08913568735763899
2014-07-02,1.785231088992061,0.7717076170873692,0.0,-0.08906040931527193
2014-07-03,1.785378628751482,0.7765643115667508,0.0,-0.08898512505157896
2014-07-04,1.7855261807042713,0.7747693190716817,0.0,-0.08890983456604606
2014-07-07,1.785673744851437,0.7741132696328682,0.0,-0.08883453785815887
2014-07-08,1.7858213211939868,0.780644925494278,0.0,-0.08875923492740323
2014-07-09,1.7859689097329283,0.766587166494013,0.0,-0.08868392577326512
2014-07-10,1.7861165104692698,0.7660576220628594,0.0,-0.08860861039522994
2014-07-11,1.7862641234040193,0.7721527385378343,0.0,-0.08853328879278322
2014-07-14,1.786411748538185,0.7842318178276511,0.0,-0.0884579609654107
2014-07-15,1.786559385872775,0.779738442257504,0.0,-0.0883826269125979
2014-07-16,1.7867070354087975,0.7692175327646472,0.0,-0.08830728663383036
2014-07-17,1.7868546971472612,0.7657482540612096,0.0,-0.08823194012859337
2014-07-18,1.787002371089174,0.7665797969088904,0.0,-0.08815658739637267
2014-07-21,1.787150057235545,0.7648462140377436,0.0,-0.08808122843665345
2014-07-22,1.7872977555873826,0.7769199489244125,0.0,-0.0880058632489209
2014-07-23,1.7874454661456955,0.7678772710380211,0.0,-0.08793049183266055
2014-07-24,1.7875931889114927,0.7649797524773839,0.0,-0.08785511418735747
2014-07-25,1.787740923885783,0.7724505989441365,0.0,-0.08777973031249686
2014-07-28,1.7878886710695754,0.789021030632492,0.0,-0.0877043402075639
2014-07-29,1.7880364304638785,0.7984541295304308,0.0,-0.08762894387204401
2014-07-30,1.7881842020697019,0.8029020391811782,0.0,-0.08755354130542192
2014-07-31,1.7883319858880549,0.8098715054631316,0.0,-0.08747813250718262
2014-08-01,1.7884797819199463,0.7987505649654,0.0,-0.08740271747681139
2014-08-04,1.788627590166386,0.8131146560729917,0.0,-0.08732729621379287
2014-08-05,1.788775410628383,0.8191593790969978,0.0,-0.08725186871761226
2014-08-06,1.7889232433069475,0.8231267750218894,0.0,-0.08717643498775418
2014-08-07,1.7890710882030885,0.8142206873605209,0.0,-0.08710099502370361
2014-08-08,1.789218945317816,0.8202392251285391,0.0,-0.08702554882494529
2014-08-11,1.7893668146521398,0.8337345785866577,0.0,-0.08695009639096385
2014-08-12,1.7895146962070696,0.8382453770706012,0.0,-0.08687463772124415
2014-08-13,1.7896625899836158,0.8390224569529776,0.0,-0.08679917281527061
2014-08-14,1.789810495982788,0.8337176533376333,0.0,-0.08672370167252808
2014-08-15,1.7899584142055964,0.8434912598584386,0.0,-0.08664822429250107
2014-08-18,1.7901063446530516,0.8565249290236437,0.0,-0.08657274067467391
2014-08-19,1.7902542873261633,0.8604681450012293,0.0,-0.08649725081853143
2014-08-20,1.7904022422259422,0.8592329098891786,0.0,-0.08642175472355773
2014-08-21,1.7905502093533991,0.8596769894349787,0.0,-0.08634625238923732
2014-08-22,1.790698188709544,0.8657468547027741,0.0,-0.08627074381505462
2014-08-25,1.7908461802953877,0.8584949942035416,0.0,-0.08619522900049392
2014-08-26,1.790994184111941,0.8409109055219163,0.0,-0.08611970794503943
2014-08-27,1.7911422001602146,0.844879786728446,0.0,-0.08604418064817543
2014-08-28,1.7912902284412195,0.8370200556838201,0.0,-0.08596864710938601
2014-08-29,1.791438268955967,0.8472787597829541,0.0,-0.08589310732815536
2014-09-01,1.7915863217054675,0.8633315672058556,0.0,-0.08581756130396756
2014-09-02,1.7917343866907323,0.8778097244717155,0.0,-0.0857420090363068
2014-09-03,1.791882463912773,0.8855537784252386,0.0,-0.08566645052465671
2014-09-04,1.7920305533726004,0.8943595251087658,0.0,-0.08559088576850182
2014-09-05,1.7921786550712262,0.8992585560837797,0.0,-0.08551531476732566
2014-09-09,1.792326769009662,0.9059264244708425,0.0,-0.08543973752061218
2014-09-10,1.792474895188919,0.910723585053598,0.0,-0.08536415402784536
2014-09-11,1.7926230336100089,0.9092418167656864,0.0,-0.08528856428850884
2014-09-12,1.7927711842739438,0.9207893710578398,0.0,-0.08521296830208624
2014-09-15,1.792919347181735,0.9315501064912024,0.0,-0.08513736606806166
2014-09-16,1.7930675223343946,0.8984179993461432,0.0,-0.0850617575859185
2014-09-17,1.7932157097329346,0.9057401671616209,0.0,-0.0849861428551405
2014-09-18,1.7933639093783673,0.9129600843022151,0.0,-0.08491052187521109
2014-09-19,1.7935121212717045,0.9228136965452569,0.0,-0.084834894645614
2014-09-22,1.7936603454139581,0.9107131305071129,0.0,-0.08475926116583266
2014-09-23,1.7938085818061413,0.9242091618176159,0.0,-0.08468362143535046
2014-09-24,1.7939568304492657,0.9381321288843598,0.0,-0.08460797545365095
2014-09-25,1.7941050913443441,0.9386005986200003,0.0,-0.08453232322021731
2014-09-26,1.7942533644923893,0.9429275630688385,0.0,-0.08445666473453295
2014-09-29,1.7944016498944133,0.9539591559614091,0.0,-0.0843809999960814
2014-09-30,1.7945499475514295,0.9598762081044042,0.0,-0.0843053290043454
2014-10-08,1.7946982574644503,0.9735824203098342,0.0,-0.08422965175880859
2014-10-09,1.7948465796344888,0.9765403203164393,0.0,-0.08415396825895394
2014-10-10,1.7949949140625576,0.9716157503633179,0.0,-0.08407827850426464
2014-10-13,1.7951432607496702,0.9723591811780786,0.0,-0.08400258249422365
2014-10-14,1.7952916196968398,0.9693516165102698,0.0,-0.08392688022831396
2014-10-15,1.795439990905079,0.9737973225329456,0.0,-0.08385117170601886
2014-10-16,1.7955883743754018,0.9590683322804546,0.0,-0.08377545692682109
2014-10-17,1.7957367701088212,0.9470930808584247,0.0,-0.08369973589020341
2014-10-20,1.7958851781063507,0.9622949411246473,0.0,-0.083624008595649
2014-10-21,1.7960335983690041,0.9535932701511127,0.0,-0.0835482750426404
2014-10-22,1.796182030897795,0.9411137618135589,0.0,-0.08347253523066045
2014-10-23,1.7963304756937368,0.9237055766137096,0.0,-0.08339678915919191
2014-10-24,1.7964789327578439,0.925605833088727,0.0,-0.08332103682771741
2014-10-27,1.7966274020911297,0.9329674155137975,0.0,-0.0832452782357197
2014-10-28,1.7967758836946082,0.9589543396315564,0.0,-0.08316951338268141
2014-10-29,1.7969243775692938,0.9741192257393954,0.0,-0.08309374226808486
2014-10-30,1.7970728837162002,0.9754635261621114,0.0,-0.08301796489141289
2014-10-31,1.797221402136342,0.9743647121842133,0.0,-0.0829421812521477
2014-11-03,1.7973699328307335,0.9856901670701423,0.0,-0.0828663913497718
2014-11-04,1.7975184758003888,0.9812926363655369,0.0,-0.08279059518376775
2014-11-05,1.7976670310463227,0.9799970237328206,0.0,-0.0827147927536176
2014-11-06,1.7978155985695496,0.9883670250777776,0.0,-0.08263898405880388
2014-11-07,1.7979641783710842,0.9781915236516486,0.0,-0.08256316909880879
2014-11-10,1.7981127704519415,0.9886274563605864,0.0,-0.0824873478731144
2014-11-11,1.798261374813136,0.9556152743153785,0.0,-0.08241152038120303
2014-11-12,1.7984099914556826,0.972949263358583,0.0,-0.08233568662255686
2014-11-13,1.798558620380596,0.9589086840387655,0.0,-0.08225984659665797
2014-11-14,1.798707261588892,0.9549441756237523,0.0,-0.08218400030298834
2014-11-17,1.7988559150815855,0.9671771424084367,0.0,-0.0821081477410297
2014-11-18,1.7990045808596913,0.9705075139665863,0.0,-0.0820322889102646
2014-11-19,1.7991532589242252,0.9770867873084287,0.0,-0.08195642381017454
2014-11-20,1.7993019492762024,0.9756805977090113,0.0,-0.0818805524402415
2014-11-21,1.7994506519166384,0.9878439760100596,0.0,-0.08180467479994724
2014-11-24,1.799599366846549,1.0014792758291073,0.0,-0.0817287908887736
2014-11-25,1.7997480940669497,1.0186807845404677,0.0,-0.08165290070620246
2014-11-26,1.799896833578856,1.0258338027160978,0.0,-0.08157700425171532
2014-11-27,1.800045585383284,1.0342559108632308,0.0,-0.08150110152479406
2014-11-28,1.8001943494812498,1.035332788079038,0.0,-0.08142519252491986
2014-12-01,1.8003431258737688,1.0266254730172064,0.0,-0.08134927725157493
2014-12-02,1.8004919145618576,1.0407102358216052,0.0,-0.08127335570424032
2014-12-03,1.8006407155465323,1.0526316482756168,0.0,-0.08119742788239759
2014-12-04,1.800789528828809,1.0722003433514928,0.0,-0.08112149378552835
2014-12-05,1.8009383544097037,1.0426800977626125,0.0,-0.08104555341311404
2014-12-08,1.8010871922902334,1.0498955303106585,0.0,-0.08096960676463572
2014-12-09,1.8012360424714147,1.0010434869266662,0.0,-0.08089365383957481
2014-12-10,1.8013849049542634,1.0384356195449613,0.0,-0.08081769463741295
2014-12-11,1.801533779739797,1.0542602096296037,0.0,-0.08074172915763078
2014-12-12,1.8016826668290318,1.0664667292495251,0.0,-0.08066575739970994
2014-12-15,1.8018315662229845,1.0837956469761731,0.0,-0.08058977936313139
2014-12-16,1.8019804779226722,1.08298755899975,0.0,-0.08051379504737632
2014-12-17,1.8021294019291123,1.0697616299954131,0.0,-0.08043780445192561
2014-12-18,1.8022783382433212,1.068072187238949,0.0,-0.08036180757626055
2014-12-19,1.8024272868663167,1.0573224970110628,0.0,-0.08028580441986177
2014-12-22,1.8025762477991154,1.0098245453343426,0.0,-0.08020979498221059
2014-12-23,1.8027252210427354,0.991289643660331,0.0,-0.08013377926278753
2014-12-24,1.8028742065981933,1.0091853973396996,0.0,-0.08005775726107378
2014-12-25,1.803023204466507,1.0258053659364141,0.0,-0.07998172897654998
2014-12-26,1.8031722146486944,1.0332717929430215,0.0,-0.07990569440869688
2014-12-29,1.803321237145773,1.0153982714860694,0.0,-0.079829653556995
2014-12-30,1.8033957545522663,0.9959950826286456,0.49997933969670677,-0.07979162998896028
2014-12-31,1.8114607030299112,1.0072131927034302,0.5021643814652235,-0.07567637515701175
2015-01-05,1.8086267506123046,1.0227751935100844,0.5013431107535392,-0.07712243974284205
2015-01-06,1.8522164417000329,1.0404725305233957,0.5130381607433384,-0.054880179005635354
2015-01-07,1.8411290552372792,1.0398501216116043,0.5100651610330343,-0.06053767586888259
2015-01-08,1.8463452753648446,1.0337299700822855,0.5114089290689584,-0.05787602525276625
2015-01-09,1.8405429914295623,1.0252938121061266,0.5098281463867594,-0.060836723274234616
2015-01-12,1.825087134243995,1.0101927974405085,0.5056362442311251,-0.06872329454510107
2015-01-13,1.8622096549292748,1.0264196371701237,0.5154511767295946,-0.049780999619390975
2015-01-14,1.8537517665165404,1.0203216683364027,0.513200156499106,-0.05409675764996802
2015-01-15,1.8484568335444245,1.0314841544271596,0.5117653642399198,-0.05679857261614463
2015-01-16,1.8631608077574777,1.0454414283437583,0.5155784566401922,-0.04929566034127486
2015-01-19,1.85060289030883,1.00317919830214,0.512250937200035,-0.055703516585242974
2015-01-20,1.8920337106074538,1.0417221653651771,0.5228919982723534,-0.034562850417554025
2015-01-21,1.9118425797879122,1.0697417845078139,0.5277963593421343,-0.024455092775173992
2015-01-22,1.9317952710438575,1.086855853938072,0.5326349277738837,-0.014273947870280135
2015-01-23,1.9156952690008737,1.0755923090767392,0.528668120138226,-0.022489203229371757
2015-01-26,1.9356110306276268,1.0995404940167004,0.5334791648416543,-0.01232690219377186
2015-01-27,1.9444150081928762,1.1057913978824805,0.5355531102765145,-0.007834547243683154
2015-01-28,1.9448353665025895,1.0990928336900176,0.5356151204637121,-0.007620053428875506
2015-01-29,1.936330551871381,1.0916248705448146,0.0,-0.011959756230811691
2015-01-30,1.9364905791897176,1.077641243661139,0.0,-0.011878100012318371
2015-02-02,1.9366506197334523,1.07012003150492,0.0,-0.01179643704537714
2015-02-03,1.936810673503678,1.0906088270267613,0.0,-0.011714767329430553
2015-02-04,1.9369707405014884,1.0874905325856545,0.0,-0.011633090863920503
2015-02-05,1.937130820727976,1.0825771021378887,0.0,-0.011551407648289547
2015-02-06,1.9372909141842345,1.0583408958135363,0.0,-0.011469717681979463
2015-02-09,1.9374510208713573,1.0516289316277168,0.0,-0.011388020964432477
2015-02-10,1.9376111407904375,1.0667517041197287,0.0,-0.0113063174950907
2015-02-11,1.937771273942569,1.0799564440483282,0.0,-0.011224607273396137
2015-02-12,1.9379314203288451,1.0902484505618486,0.0,-0.011142890298790675
2015-02-13,1.93809157995036,1.1085187003026407,0.0,-0.011061166570716097
2015-02-16,1.938251752808207,1.1310502320542242,0.0,-0.010979436088614625
2015-02-17,1.9384119389034804,1.1389016797327314,0.0,-0.010897698851927706
2015-02-25,1.9385721382372743,1.136602435428805,0.0,-0.010815954860097232
2015-02-26,1.9387323508106824,1.1496538341578817,0.0,-0.010734204112564871
2015-02-27,1.9388925766247989,1.162791827057953,0.0,-0.010652446608772626
2015-03-02,1.9390528156807185,1.1887889440152057,0.0,-0.010570682348161609
2015-03-03,1.939213067979535,1.181486475699414,0.0,-0.010488911330173933
2015-03-04,1.9393733335223433,1.2037177409782118,0.0,-0.010407133554250825
2015-03-05,1.9395336123102378,1.2076037545383889,0.0,-0.01032534901983373
2015-03-06,1.9396939043443129,1.1920724400150868,0.0,-0.010243557726364427
2015-03-09,1.939854209625664,1.210211187000311,0.0,-0.01016175967328381
2015-03-10,1.9400145281553849,1.2251723467620939,0.0,-0.010079954860033769
2015-03-11,1.9401748599345712,1.2237158907169545,0.0,-0.009998143286055305
2015-03-12,1.9403352049643179,1.219952628683816,0.0,-0.009916324950789646
2015-03-13,1.94049556324572,1.2384687396269545,0.0,-0.009834499853678125
2015-03-16,1.9406559347798724,1.2784012621884429,0.0,-0.009752667994161857
2015-03-17,1.9408163195678707,1.2965897274197717,0.0,-0.009670829371682066
2015-03-18,1.9409767176108101,1.3245724953817655,0.0,-0.009588983985679755
2015-03-19,1.9411371289097863,1.3352267750080484,0.0,-0.009507131835595928
2015-03-20,1.9412975534658945,1.3495993229953145,0.0,-0.009425272920871586
2015-03-23,1.9414579912802306,1.3873292454041466,0.0,-0.009343407240947732
2015-03-24,1.9416184423538903,1.3964265580302486,0.0,-0.009261534795265036
2015-03-25,1.9417789066879692,1.4139817920006474,0.0,-0.009179655583264612
2015-03-26,1.9419393842835633,1.398522116227431,0.0,-0.00909776960438724
2015-03-27,1.9420998751417684,1.4151817092534558,0.0,-0.00901587685807359
2015-03-30,1.9422603792636812,1.4282274395746384,0.0,-0.008933977343764221
2015-03-31,1.942420896650397,1.4307151671115854,0.0,-0.008852071060900135
2015-04-01,1.9425814273030129,1.4688875124052059,0.0,-0.008770158008921669
2015-04-02,1.9427419712226246,1.5035491585043694,0.0,-0.008688238187269492
2015-04-03,1.942902528410329,1.536161261301507,0.0,-0.008606311595384164
2015-04-07,1.9430630988672226,1.5725459180523647,0.0,-0.00852437823270602
2015-04-08,1.9432236825944016,1.554119392134311,0.0,-0.00844243809867573
2015-04-09,1.943384279592963,1.535744434518947,0.0,-0.008360491192733521
2015-04-10,1.9435448898640038,1.5797302459240363,0.0,-0.008278537514319617
2015-04-13,1.9437055134086205,1.6202289233061937,0.0,-0.008196577062874577
2015-04-14,1.9438661502279104,1.622069412100051,0.0,-0.008114609837838516
2015-04-15,1.9440268003229706,1.5557953330107726,0.0,-0.008032635838651547
2015-04-16,1.9441874636948981,1.5763929944946824,0.0,-0.007950655064753898
2015-04-17,1.9443481403447902,1.5880044885311235,0.0,-0.007868667515585792
2015-04-20,1.9445088302737443,1.5516151559245028,0.0,-0.007786673190587012
2015-04-21,1.9446695334828579,1.61268121991644,0.0,-0.007704672089197784
2015-04-22,1.9448302499732284,1.661304921685606,0.0,-0.00762266421085811
2015-04-23,1.9449909797459537,1.68037958496987,0.0,-0.00754064955500755
2015-04-24,1.9451517228021311,1.679837965944578,0.0,-0.007458628121086441
2015-04-27,1.9453124791428584,1.6937405765032545,0.0,-0.007376599908534565
2015-04-28,1.9454732487692339,1.6338045641038295,0.0,-0.0072945649167914794
2015-04-29,1.9456340316823553,1.6728993425221945,0.0,-0.007212523145296967
2015-04-30,1.9457948278833208,1.6773766359795097,0.0,-0.00713047459349081
2015-05-04,1.9459556373732285,1.6957739125988913,0.0,-0.007048419260812566
2015-05-05,1.9461164601531766,1.6392061032907903,0.0,-0.006966357146701907
2015-05-06,1.9462772962242636,1.6180321968545603,0.0,-0.0068842882505983916
2015-05-07,1.9464381455875879,1.5801419816552293,0.0,-0.006802212571941468
2015-05-08,1.946599008244248,1.651737487144267,0.0,-0.006720130110170586
2015-05-11,1.9467598841953424,1.730720659277718,0.0,-0.006638040864725192
2015-05-12,1.94692077344197,1.7691318938386853,0.0,-0.006555944835044625
2015-05-13,1.9470816759852296,1.7870572461975227,0.0,-0.006473842020568221
2015-05-14,1.9472425918262202,1.8039740816727063,0.0,-0.006391732420735208
2015-05-15,1.9474035209660405,1.7909346691714678,0.0,-0.006309616034984811
2015-05-18,1.9475644634057898,1.8344748881712323,0.0,-0.0062274928627563675
2015-05-19,1.9477254191465674,1.8871757368104578,0.0,-0.00614536290348866
2015-05-20,1.947886388189472,1.926569625831369,0.0,-0.006063226156621249
2015-05-21,1.9480473705356034,2.0028315856413768,0.0,-0.005981082621592804
2015-05-22,1.948208366186061,2.037026954980771,0.0,-0.005898932297842441
2015-05-25,1.948369375141944,2.0932928860816364,0.0,-0.005816775184809275
2015-05-26,1.9485303974043524,2.1786308761367947,0.0,-0.005734611281931978
2015-05-27,1.9486914329743859,2.219044370464966,0.0,-0.005652440588649554
2015-05-28,1.948852481853144,2.0740803665765406,0.0,-0.0055702631044006745
2015-05-29,1.9490135440417269,2.098598514448147,0.0,-0.005488078828624232
2015-06-01,1.9491746195412347,2.225125754230171,0.0,-0.005405887760758676
2015-06-02,1.949335708352767,2.327068202005594,0.0,-0.005323689900243123
2015-06-03,1.9494968104774244,2.3384504220255407,0.0,-0.005241485246515687
2015-06-04,1.949657925916307,2.3262313960659284,0.0,-0.005159273799015374
2015-06-05,1.949819054670515,2.370764348887318,0.0,-0.005077055557180521
2015-06-08,1.9499801967411488,2.3382288200008583,0.0,-0.0049948305204498
2015-06-09,1.9501413521293092,2.3387138009092565,0.0,-0.004912598688261438
2015-06-10,1.9503025208360967,2.3895898666582536,0.0,-0.004830360060053884
2015-06-11,1.950463702862612,2.442525584531126,0.0,-0.004748114635265477
2015-06-12,1.9506248982099559,2.489294892894581,0.0,-0.004665862413334554
2015-06-15,1.9507861068792296,2.441539048723049,0.0,-0.0045836033936992315
2015-06-16,1.9509473288715338,2.326910619363992,0.0,-0.004501337575797848
2015-06-17,1.9511085641879693,2.3824002780695257,0.0,-0.00441906495906863
2015-06-18,1.9512698128296377,2.293203640539901,0.0,-0.004336785542949584
2015-06-19,1.9514310747976402,2.1120508673272673,0.0,-0.0042544993268787135
2015-06-23,1.951592350093078,2.124912979645593,0.0,-0.004172206310294135
2015-06-24,1.9517536387170529,2.1842435101101687,0.0,-0.004089906492633744
2015-06-25,1.9519149406706657,2.086952534777829,0.0,-0.004007599873335654
2015-06-26,1.9520762559550187,1.8879495280404062,0.0,-0.003925286451837651
2015-06-29,1.9521569202631157,1.7378454255146623,0.49997933969670705,-0.003884126339707694
2015-06-30,2.0936889351956567,1.8350935696804482,0.5337418816855195,0.0
2015-07-01,2.008008361712426,1.706474039862567,1.0,-0.04092325848549405
2015-07-02,1.86568818202418,1.5644771041498948,1.0000000000000002,-0.10889905818323953
2015-07-03,1.7216037719683732,1.4359576565436796,1.0000000000000002,-0.17771749994586084
2015-07-06,1.6004715464760766,1.3578343438429719,1.0000000000000002,-0.2355733845789697
2015-07-07,1.4951655383908455,1.2335298277330227,1.0000000000000002,-0.28587025834803803
2015-07-08,1.4692855179633235,1.1443438381108664,1.0000000000000002,-0.2982312256304599
2015-07-09,1.5089495416542258,1.257577501978882,1.0000000000000002,-0.2792866617918992
2015-07-10,1.5556213293555208,1.3805611224705137,1.0000000000000002,-0.25699500856838275
2015-07-13,1.6278572690646314,1.5083554953652116,1.0000000000000002,-0.22249325499133565
2015-07-14,1.7170734594447268,1.569456483494804,1.0000000000000002,-0.17988129440810885
2015-07-15,1.6368747374234578,1.4707868580961356,1.0000000000000002,-0.21818627881773145
2015-07-16,1.6497734034174563,1.5027461432863125,1.0000000000000002,-0.21202554224547032
2015-07-17,1.7600298467995164,1.615613007762865,1.0000000000000002,-0.15936421250894162
2015-07-20,1.849758428890012,1.6657460943951437,1.0000000000000002,-0.11650752038905399
2015-07-21,1.9316537862664978,1.7103548018402175,1.0000000000000002,-0.07739217904116047
2015-07-22,1.9760328677423904,1.741208587598776,1.0000000000000002,-0.056195581624101765
2015-07-23,2.062219969801755,1.8140621731674342,1.0,-0.015030391986553981
2015-07-24,2.0645705386450643,1.7854140185807617,1.0,-0.013907699496855441
2015-07-27,1.8855361340608707,1.6213904870647131,0.45017796372419977,-0.09941916281624419
2015-07-28,1.8151209764026262,1.552002052452688,0.42880116056413503,-0.13305126378145482
2015-07-29,1.863297701749852,1.6525851284673203,0.0,-0.110040813404917
2015-07-30,1.8634516932954512,1.5974210387233256,0.0,-0.10996726305891735
2015-07-31,1.8636056975676243,1.5670453237617132,0.0,-0.10989370663437692
2015-08-03,1.8637597145674232,1.4902403509024746,0.0,-0.109820144130793
2015-08-04,1.8639137442958997,1.6043996960844944,0.0,-0.10974657554766332
2015-08-05,1.8640677867541062,1.5931673179777623,0.0,-0.1096730008844854
2015-08-06,1.8642218419430943,1.5889120918691524,0.0,-0.10959942014075674
2015-08-07,1.8643759098639159,1.6573063937422383,0.0,-0.1095258333159751
2015-08-10,1.8645299905176236,1.7607963074213553,0.0,-0.10945224040963752
2015-08-11,1.8646840839052699,1.7768735279820245,0.0,-0.10937864142124154
2015-08-12,1.8648381900279065,1.7559560586978906,0.0,-0.10930503635028477
2015-08-13,1.8649923088865867,1.8164302096084841,0.0,-0.10923142519626394
2015-08-14,1.8651464404823623,1.836052523953947,0.0,-0.10915780795867691
2015-08-17,1.8653005848162867,1.8758772572139286,0.0,-0.10908418463702052
2015-08-18,1.865454741889412,1.7109929316078827,0.0,-0.10901055523079217
2015-08-19,1.8656089117027914,1.762211336508217,0.0,-0.10893691973948894
2015-08-20,1.8657630942574774,1.6935478742565517,0.0,-0.10886327816260799
2015-08-21,1.8659172895545235,1.5797934649569674,0.0,-0.10878963049964618
2015-08-24,1.8660714975949826,1.4244776060351725,0.0,-0.1087159767501007
2015-08-25,1.8661678855855603,1.2892075533414933,0.3749806311657458,-0.10866993935220581
2015-08-26,1.8868066293683812,1.2295989662536293,0.38176628606904056,-0.09881234138916739
2015-08-27,1.9456126480745886,1.2908828176868805,0.40040281141183126,-0.07072506552040903
2015-08-28,1.9536104462617525,1.3934107331749264,0.4028081248285917,-0.0669051102000564
2015-08-31,1.9852225947252424,1.3316022499837858,0.4122690781799618,-0.051806330275265045
2015-09-01,2.0062278176828334,1.2331142403738193,0.4183745618728044,-0.04177369237739703
2015-09-02,2.017794528318384,1.186371226881318,0.42166085155784333,-0.03624913214253589
2015-09-07,1.9605384624858528,1.208649239313064,0.4047216949137656,-0.06359611042094027
2015-09-08,1.977416835142124,1.2839485509940018,0.4097539557674119,-0.055534562990211866
2015-09-09,1.983574973996864,1.3463697802279175,0.4115377841769253,-0.05259327655973045
2015-09-10,1.986194963969769,1.319995148985146,0.41226545565500344,-0.05134190156850704
2015-09-11,1.9814134427190147,1.3391658368977009,0.4107984519478713,-0.05362567981768973
2015-09-14,1.9941132296633548,1.2262978229292052,0.4145024795789141,-0.047559933024624024
2015-09-15,1.9859575763553645,1.1427748011645853,1.0,-0.05145528403445687
2015-09-16,2.1209520042813734,1.2474967985022756,1.0,0.0
2015-09-17,2.0505982556087368,1.2224165844479342,1.0,-0.03317083485652661
2015-09-18,2.0646407258397854,1.246365293616413,1.0,-0.026550001286176017
2015-09-21,2.1518884729280185,1.3069034846006873,1.0,0.0
2015-09-22,2.2132639965487826,1.3211301241842854,1.0,0.0
2015-09-23,2.184963964393117,1.3050335245160873,1.0,-0.012786559669246245
2015-09-24,2.2404181365483318,1.3318197622386314,0.6432879538430317,0.0
2015-09-25,2.1570268841178284,1.2753374861223836,0.6294667480057593,-0.037221289664695734
2015-09-28,2.188498708766487,1.312642640481404,0.634765039365234,-0.023173990129286226
2015-09-29,2.1267736773929395,1.2858986985836378,0.6241338194862195,-0.05072466487460103
2015-09-30,2.18128372869217,1.291205765327159,0.6334963888118026,-0.026394362236000557
2015-10-08,2.2388869631393105,1.3573687329763955,0.6428964718328739,-0.0006834319826477531
2015-10-09,2.2609654962449897,1.3858490587457184,0.6463543956750307,0.0
2015-10-12,2.3277019897797957,1.4589072345783352,0.6564652202806529,0.0
2015-10-13,2.3625436613704522,1.4837900787007383,0.661503535412987,0.0
2015-10-14,2.3528885430872664,1.4628692021979304,0.6600864196849238,-0.00408674702654388
2015-10-15,2.4505569319917413,1.52105398356468,0.6736069030920528,0.0
2015-10-16,2.510729257805178,1.5499263885094183,0.68140293638718,0.0
2015-10-19,2.551681510101403,1.549880196264131,0.6864902323267279,0.0
2015-10-20,2.5690992501940904,1.5859072471585292,0.0,0.0
2015-10-21,2.569311572446172,1.4659065038185617,0.0,0.0
2015-10-22,2.5695239122455478,1.5334265496184394,0.0,0.0
2015-10-23,2.5697362695936676,1.591328311114433,0.0,0.0
2015-10-26,2.5699486444919812,1.6092708584240292,0.0,0.0
2015-10-27,2.5701610369419394,1.6241618745087607,0.0,0.0
2015-10-28,2.570373446944992,1.5858348791186099,0.0,0.0
2015-10-29,2.5705858745025907,1.6056071840661834,0.0,0.0
2015-10-30,2.5707983196161863,1.603626591209282,0.0,0.0
2015-11-02,2.5710107822872286,1.5676933544951133,0.0,0.0
2015-11-03,2.5712232625171696,1.5719373276374586,0.0,0.0
2015-11-04,2.5714357603074607,1.6623226836634268,0.0,0.0
2015-11-05,2.571648275659552,1.6668206593130581,0.0,0.0
2015-11-06,2.571860808574896,1.7174582922385335,0.0,0.0
2015-11-09,2.572073359054943,1.7511331187543324,0.0,0.0
2015-11-10,2.5722859271011465,1.764846386747642,0.0,0.0
2015-11-11,2.572498512714956,1.8061053457063279,0.0,0.0
2015-11-12,2.5727111158978255,1.818596605918055,0.0,0.0
2015-11-13,2.5729237366512057,1.7694826282388163,0.0,0.0
2015-11-16,2.5731363749765483,1.8127763916335369,0.0,0.0
2015-11-17,2.573349030875307,1.7972861233670163,0.0,0.0
2015-11-18,2.5735617043489327,1.7599744467457792,0.0,0.0
2015-11-19,2.573774395398879,1.816524176101603,0.0,0.0
2015-11-20,2.573987104026598,1.8470853303823658,0.0,0.0
2015-11-23,2.574199830233542,1.8338127817373364,0.0,0.0
2015-11-24,2.5744125740211645,1.8640823646917308,0.0,0.0
2015-11-25,2.5746253353909188,1.9027826794540845,0.0,0.0
2015-11-26,2.574838114344257,1.8926261241994957,0.0,0.0
2015-11-27,2.5750509108826325,1.7620980517513376,0.0,0.0
2015-11-30,2.5752637250074986,1.7809363739941684,0.0,0.0
2015-12-01,2.5754765567203095,1.7834990110391378,0.0,0.0
2015-12-02,2.575689406022518,1.7680398547884153,0.0,0.0
2015-12-03,2.5759022729155774,1.8184330444433408,0.0,0.0
2015-12-04,2.5761151574009427,1.8125942056429531,0.0,0.0
2015-12-07,2.5763280594800664,1.8392306890269357,0.0,0.0
2015-12-08,2.576540979154404,1.7993894716802952,0.0,0.0
2015-12-09,2.576753916425408,1.7893310349092708,0.0,0.0
2015-12-10,2.576966871294534,1.7817483842543558,0.0,0.0
2015-12-11,2.577179843763236,1.7667772853786414,0.0,0.0
2015-12-14,2.577392833832968,1.8074135919135637,0.0,0.0
2015-12-15,2.577605841505186,1.8281505402179925,0.0,0.0
2015-12-16,2.5778188667813433,1.844133667754574,0.0,0.0
2015-12-17,2.5780319096628954,1.9019108761977632,0.0,0.0
2015-12-18,2.5782449701512977,1.9019994016967943,0.0,0.0
2015-12-21,2.578458048248004,1.9234261006869848,0.0,0.0
2015-12-22,2.5786711439544714,1.9435238922100317,0.0,0.0
2015-12-23,2.5788842572721538,1.9192349705314777,0.0,0.0
2015-12-24,2.5790973882025066,1.9177867487123605,0.0,0.0
2015-12-25,2.579310536746986,1.9337964820473557,0.0,0.0
2015-12-28,2.579523702907048,1.884857555265799,0.0,0.0
2015-12-29,2.5797368866841475,1.9092166204059897,0.0,0.0
2015-12-30,2.5799500880797415,1.9321033033269692,0.0,0.0
2015-12-31,2.5801633070952854,1.896093713386802,0.0,0.0
2016-01-04,2.5803765437322355,1.720189459035243,0.0,0.0
2016-01-05,2.5805897979920482,1.6843318846157886,0.0,0.0
2016-01-06,2.58080306987618,1.737457050688058,0.0,0.0
2016-01-07,2.5810163593860866,1.5731361737531784,0.0,0.0
2016-01-08,2.5812296665232264,1.5916988559425975,0.0,0.0
2016-01-11,2.581229666523227,1.4639272017201386,0.9999999999999998,0.0
2016-01-12,2.6376254173058555,1.4644781481077238,0.9999999999999998,0.0
2016-01-13,2.508689149673005,1.4019036495981763,0.9999999999999998,-0.04888346418975198
2016-01-14,2.683872711036367,1.459846620387463,0.9999999999999999,0.0
2016-01-15,2.6358467341032927,1.3970932559972142,0.9999999999999998,-0.017894282666829353
2016-01-18,2.7466073845477093,1.4301404028399358,0.9999999999999999,0.0
2016-01-19,2.858405253183552,1.493673094903167,0.9999999999999999,0.0
2016-01-20,2.843950781630456,1.4829516525912319,0.9999999999999999,-0.005056830740496898
2016-01-21,2.6735357895976635,1.4160477169913854,0.9999999999999999,-0.06467573601748389
2016-01-22,2.743037136251027,1.4440288212181027,0.9999999999999999,-0.04036100787459507
2016-01-25,2.7429706250725303,1.4662652323016045,0.9999999999999999,-0.040384276506089
2016-01-26,2.4834908715062958,1.3446966891864336,0.9999999999999998,-0.1311620811148787
2016-01-27,2.4696249487622692,1.328844394305864,0.9999999999999998,-0.13601301074726146
2016-01-28,2.3303506332468045,1.260733983611779,0.9999999999999998,-0.18473749282003538
2016-01-29,2.4676222783488146,1.315418189260284,0.9999999999999998,-0.1367136358287554
2016-02-01,2.407922108033558,1.2962271464575104,0.9999999999999998,-0.1575994672722728
2016-02-02,2.5442833226115296,1.3493862637758425,0.9999999999999998,-0.10989412023441003
2016-02-03,2.598205794220104,1.3571900162929795,0.9999999999999998,-0.09102959024919599
2016-02-04,2.6461727161296116,1.3919033129521141,0.9999999999999998,-0.07424858207826424
2016-02-05,2.5974044486647303,1.3771355770119935,0.9999999999999998,-0.09130993732541315
2016-02-15,2.6071139604763296,1.3768439007482567,0.0,-0.08791310904125527
2016-02-16,2.607329424440005,1.4432572599062565,0.0,-0.08783772995935801
2016-02-17,2.6075449062106197,1.4679636789021258,0.0,-0.08776234464778443
2016-02-18,2.6077604057896453,1.4655994495952038,0.0,-0.08768695310601982
2016-02-19,2.6079759231785533,1.4741818581911184,0.0,-0.08761155533354936
2016-02-22,2.608191458378816,1.51031108075513,0.0,-0.08753615132985793
2016-02-23,2.6084070113919053,1.502057292494182,0.0,-0.08746074109443058
2016-02-24,2.6086225822192928,1.5087967089050904,0.0,-0.08738532462675253
2016-02-25,2.6088381708624513,1.3754976859401447,0.0,-0.0873099019263085
2016-02-26,2.609053777322853,1.374590886300215,0.0,-0.08723447299258347
2016-02-29,2.609269401601971,1.2830049045488903,0.0,-0.08715903782506196
2016-03-01,2.609485043701277,1.3165739439962059,0.0,-0.08708359642322938
2016-03-02,2.609700703622244,1.3909556932737153,0.0,-0.08700814878657004
2016-03-03,2.609916381366345,1.3947032992657837,0.0,-0.08693269491456912
2016-03-04,2.6101320769350527,1.3421594687896805,0.0,-0.08685723480671081
2016-03-07,2.6103477903298407,1.3793792431996876,0.0,-0.08678176846247998
2016-03-08,2.610563521552182,1.3912616000791982,0.0,-0.08670629588136125
2016-03-09,2.61077927060355,1.355386231205912,0.0,-0.08663081706283893
2016-03-10,2.610995037485418,1.3299985342284921,0.0,-0.08655533200639798
2016-03-11,2.61121082219926,1.3283993968774228,0.0,-0.08647984071152226
2016-03-14,2.6114266247465494,1.3835041671517232,0.0,-0.08640434317769674
2016-03-15,2.6116424451287594,1.3726022461003864,0.0,-0.08632883940440583
2016-03-16,2.611858283347365,1.358004802480568,0.0,-0.0862533293911335
2016-03-17,2.6120741394038403,1.41118973756223,0.0,-0.08617781313736406
2016-03-18,2.612290013299659,1.4693180219192283,0.0,-0.0861022906425819
2016-03-21,2.612505905036295,1.514002906553174,0.0,-0.08602676190627156
2016-03-22,2.6127218146152233,1.510055061661347,0.0,-0.08595122692791679
2016-03-23,2.612937742037919,1.527769073217912,0.0,-0.08587568570700155
2016-03-24,2.613153687305856,1.5029273453499952,0.0,-0.08580013824301058
2016-03-25,2.613369650420509,1.5164788702356837,0.0,-0.08572458453542742
2016-03-28,2.613585631383354,1.5070048022069744,0.0,-0.08564902458373602
2016-03-29,2.6138016301958653,1.4735819659232887,0.0,-0.08557345838742048
2016-03-30,2.614017646859518,1.535380916295602,0.0,-0.08549788594596486
2016-03-31,2.6142336813757874,1.5430272272695493,0.0,-0.08542230725885303
2016-04-01,2.614449733746149,1.5372749674057051,0.0,-0.0853467223255685
2016-04-05,2.6146658039720787,1.5844862497054526,0.0,-0.08527113114559537
2016-04-06,2.614881892055051,1.595614682433794,0.0,-0.08519553371841748
2016-04-07,2.615097997996543,1.567352067085454,0.0,-0.08511993004351825
2016-04-08,2.615314121798031,1.5540009848177065,0.0,-0.08504432012038121
2016-04-11,2.615530263460989,1.5927952393674558,0.0,-0.08496870394849043
2016-04-12,2.6157464229868954,1.5808521815720809,0.0,-0.084893081527329
2016-04-13,2.6159626003772245,1.6062959680524338,0.0,-0.08481745285638098
2016-04-14,2.616178795633454,1.6265732414803182,0.0,-0.08474181793512947
2016-04-15,2.61639500875706,1.6277827452737417,0.0,-0.08466617676305799
2016-04-18,2.616611239749519,1.6017590797287735,0.0,-0.08459052933965006
2016-04-19,2.6168274886123086,1.6092562392677605,0.0,-0.08451487566438876
2016-04-20,2.617043755346905,1.5264630757892215,0.0,-0.08443921573675772
2016-04-21,2.6172600399547843,1.5074375612061655,0.0,-0.08436354955624015
2016-04-22,2.617476342437425,1.5219890080154332,0.0,-0.08428787712231933
2016-04-25,2.617692662796304,1.5146162139416826,0.0,-0.08421219843447825
2016-04-26,2.617909001032899,1.5363456929779307,0.0,-0.08413651349219997
2016-04-27,2.618125357148687,1.531995103107354,0.0,-0.08406082229496781
2016-04-28,2.6183417311451453,1.5282320381807049,0.0,-0.08398512484226506
2016-04-29,2.6185581230237527,1.52785817532381,0.0,-0.08390942113357425
2016-05-03,2.6187745327859857,1.5792484482950822,0.0,-0.08383371116837879
2016-05-04,2.6189909604333232,1.5814646017702882,0.0,-0.08375799494616132
2016-05-05,2.6192074059672437,1.5942907607368904,0.0,-0.0836822724664047
2016-05-06,2.6194238693892244,1.525231379747447,0.0,-0.083606543728592
2016-05-09,2.619640350700744,1.454664150664697,0.0,-0.08353080873220597
2016-05-10,2.6198568499032815,1.4527198044401772,0.0,-0.08345506747672926
2016-05-11,2.620073366998315,1.4415037007913698,0.0,-0.0833793199616446
2016-05-12,2.6202899019873227,1.4364305575758243,0.0,-0.08330356618643497
2016-05-13,2.6205064548717845,1.4319668081596941,0.0,-0.08322780615058267
2016-05-16,2.620723025653179,1.4628432070167081,0.0,-0.08315203985357023
2016-05-17,2.6209396143329853,1.4616479234105109,0.0,-0.08307626729488038
2016-05-18,2.6211562209126824,1.4114049560567916,0.0,-0.08300048847399555
2016-05-19,2.6213728453937493,1.421629433843901,0.0,-0.08292470339039848
2016-05-20,2.6215894877776664,1.4419047311582702,0.0,-0.08284891204357114
2016-05-23,2.6218061480659127,1.4679080601720784,0.0,-0.08277311443299618
2016-05-24,2.6220228262599674,1.4523186107688475,0.0,-0.08269731055815599
2016-05-25,2.622239522361311,1.448821062978951,0.0,-0.08262150041853278
2016-05-26,2.6224562363714234,1.4570960040991598,0.0,-0.08254568401360873
2016-05-27,2.6226729682917846,1.4579370430484713,0.0,-0.08246986134286605
2016-05-30,2.622889718123875,1.4501091742102012,0.0,-0.08239403240578702
2016-05-31,2.623106485869174,1.5176206961531318,0.0,-0.08231819720185363
2016-06-01,2.6233232715291632,1.5308119425566864,0.0,-0.08224235573054806
2016-06-02,2.6235400751053226,1.5503301826106373,0.0,-0.08216650799135228
2016-06-03,2.6237568965991334,1.556628667315554,0.0,-0.08209065398374804
2016-06-06,2.6239737360120756,1.5616217535335766,0.0,-0.08201479370721776
2016-06-07,2.62419059334563,1.568881605290913,0.0,-0.08193892716124329
2016-06-08,2.624407468601279,1.5630345947483655,0.0,-0.08186305434530605
2016-06-13,2.6246243617805023,1.4768036457037674,0.0,-0.08178717525888823
2016-06-14,2.6248412728847814,1.4837238619990634,0.0,-0.0817112899014717
2016-06-15,2.625058201915598,1.5400887107854861,0.0,-0.08163539827253796
2016-06-16,2.6252751488744344,1.5404955802631741,0.0,-0.08155950037156867
2016-06-17,2.625492113762771,1.5531048661036104,0.0,-0.08148359619804568
2016-06-20,2.6257090965820904,1.5616992765725979,0.0,-0.08140768575145041
2016-06-21,2.6259260973338736,1.5434141005964732,0.0,-0.08133176903126482
2016-06-22,2.626143116019604,1.5743931222632088,0.0,-0.08125584603696967
2016-06-23,2.6263601526407623,1.5678124344071493,0.0,-0.08117991676804726
2016-06-24,2.626577207198832,1.5520684539418506,0.0,-0.08110398122397844
2016-06-27,2.6267942796952948,1.5946230350010269,0.0,-0.08102803940424486
2016-06-28,2.627011370131633,1.6143391573804837,0.0,-0.08095209130832803
2016-06-29,2.62722847850933,1.6188248947814947,0.0,-0.08087613693570872
2016-06-30,2.6274456048298678,1.6186885654315901,0.0,-0.08080017628586877
2016-07-01,2.62766274909473,1.6150207085486734,0.0,-0.08072420935828895
2016-07-04,2.6278799113053988,1.6486928542660495,0.0,-0.08064823615245098
2016-07-05,2.6280970914633577,1.6583246995346865,0.0,-0.08057225666783552
2016-07-06,2.6283142895700906,1.6682873248718566,0.0,-0.08049627090392364
2016-07-07,2.6285315056270795,1.6708348119477558,0.0,-0.08042027886019676
2016-07-08,2.628748739635809,1.6673266798477293,0.0,-0.08034428053613574
2016-07-11,2.6289659915977626,1.6588277497625565,0.0,-0.08026827593122121
2016-07-12,2.6291832615144233,1.6790712074863405,0.0,-0.0801922650449346
2016-07-13,2.6294005493872756,1.6910331492162496,0.0,-0.08011624787675653
2016-07-14,2.629617855217804,1.6937289800162643,0.0,-0.08004022442616776
2016-07-15,2.6298351790074914,1.6867618415492196,0.0,-0.07996419469264915
2016-07-18,2.6300525207578227,1.6776243794299093,0.0,-0.07988815867568166
2016-07-19,2.6302698804702818,1.6867612164999102,0.0,-0.07981211637474583
2016-07-20,2.630487258146354,1.6876086859014194,0.0,-0.07973606778932207
2016-07-21,2.630704653787523,1.6898367068129132,0.0,-0.07966001291889158
2016-07-22,2.6309220673952742,1.673006286139311,0.0,-0.07958395176293431
2016-07-25,2.6311394989710917,1.6756632980328858,0.0,-0.07950788432093137
2016-07-26,2.631356948516461,1.6983686383447996,0.0,-0.07943181059236293
2016-07-27,2.6315744160328673,1.6162415267554666,0.0,-0.07935573057670942
2016-07-28,2.6317919015217957,1.6152208955386613,0.0,-0.07927964427345136
2016-07-29,2.6320094049847316,1.6024998054629176,0.0,-0.07920355168206883
2016-08-01,2.6322269264231597,1.575610378816417,0.0,-0.0791274528020427
2016-08-02,2.6324444658385664,1.5924307535603255,0.0,-0.07905134763285282
2016-08-03,2.632662023232437,1.6018959294385986,0.0,-0.07897523617397961
2016-08-04,2.632879598606258,1.6119444771179896,0.0,-0.07889911842490316
2016-08-05,2.6330971919615145,1.6023918740688243,0.0,-0.07882299438510354
2016-08-08,2.633314803299693,1.6225976132519122,0.0,-0.07874686405406106
2016-08-09,2.6335324326222795,1.6407384939404766,0.0,-0.0786707274312557
2016-08-10,2.633750079930761,1.635758266594953,0.0,-0.07859458451616719
2016-08-11,2.633967745226623,1.6093740716946696,0.0,-0.07851843530827618
2016-08-12,2.634185428511352,1.62819549782883,0.0,-0.07844227980706198
2016-08-15,2.6344031297864356,1.6681647757309257,0.0,-0.07836611801200477
2016-08-16,2.6346208490533605,1.6801333137586636,0.0,-0.07828994992258409
2016-08-17,2.6348385863136126,1.6874788522828388,0.0,-0.07821377553828035
2016-08-18,2.6350563415686796,1.6876309412315846,0.0,-0.07813759485857275
2016-08-19,2.6352741148200494,1.6914359924341877,0.0,-0.07806140788294114
2016-08-22,2.635491906069208,1.669047346961927,0.0,-0.07798521461086527
2016-08-23,2.6357097153176436,1.6731891632980322,0.0,-0.0779090150418249
2016-08-24,2.635927542566843,1.6778313433305743,0.0,-0.07783280917529944
2016-08-25,2.6361453878182948,1.666488218274346,0.0,-0.07775659701076865
2016-08-26,2.6363632510734867,1.6725462602069894,0.0,-0.07768037854771148
2016-08-29,2.636581132333906,1.6770964351288835,0.0,-0.07760415378560792
2016-08-30,2.636799031601041,1.6774611616563186,0.0,-0.07752792272393749
2016-08-31,2.6370169488763797,1.6794200806349282,0.0,-0.07745168536217917
2016-09-01,2.637234884161411,1.6650719586359237,0.0,-0.07737544169981225
2016-09-02,2.637452837457623,1.6580003389418947,0.0,-0.07729919173631639
2016-09-05,2.637670808766504,1.667255812740402,0.0,-0.07722293547117054
2016-09-06,2.6378887980895422,1.6938592481500891,0.0,-0.07714667290385413
2016-09-07,2.6381068054282273,1.6945700959835268,0.0,-0.07707040403384624
2016-09-08,2.6383248307840477,1.7026944603419158,0.0,-0.07699412886062595
2016-09-09,2.638542874158493,1.6896027681896992,0.0,-0.07691784738367224
2016-09-12,2.6387609355530515,1.6354733786021096,0.0,-0.0768415596024642
2016-09-13,2.638979014969213,1.649584342064675,0.0,-0.07676526551648089
2016-09-14,2.6391971124084663,1.6410565993161115,0.0,-0.0766889651252014
2016-09-19,2.639415227872302,1.662309923238844,0.0,-0.07661265842810416
2016-09-20,2.6396333613622085,1.6627784528163772,0.0,-0.07653634542466858
2016-09-21,2.6398515128796762,1.666916626811781,0.0,-0.07646002611437319
2016-09-22,2.640069682426195,1.6776646512441924,0.0,-0.07638370049669674
2016-09-23,2.6402878700032555,1.670755358883377,0.0,-0.07630736857111786
2016-09-26,2.640506075612347,1.6298517091818532,0.0,-0.07623103033711542
2016-09-27,2.6407242992549596,1.6433586019716522,0.0,-0.07615468579416795
2016-09-28,2.6409425409325835,1.6399362008722467,0.0,-0.07607833494175442
2016-09-29,2.64116080064671,1.6464869301529121,0.0,-0.07600197777935302
2016-09-30,2.6413790783988293,1.6550617087112058,0.0,-0.07592561430644229
2016-10-10,2.6415973741904324,1.6921730110082909,0.0,-0.07584924452250075
2016-10-11,2.6418156880230104,1.7047203902776171,0.0,-0.07577286842700659
2016-10-12,2.642034019898053,1.7065257637245845,0.0,-0.07569648601943879
2016-10-13,2.642252369817053,1.7105362708938845,0.0,-0.0756200972992751
2016-10-14,2.6424707377815007,1.7090500375638502,0.0,-0.07554370226599405
2016-10-17,2.6426891237928873,1.6921129799057533,0.0,-0.07546730091907394
2016-10-18,2.6429075278527048,1.7213742145609081,0.0,-0.07539089325799297
2016-10-19,2.643125949962445,1.7229216665041533,0.0,-0.07531447928222901
2016-10-20,2.643344390123599,1.7281132399658314,0.0,-0.07523805899126057
2016-10-21,2.643562848337659,1.7213597879419344,0.0,-0.07516163238456552
2016-10-24,2.6437813246061164,1.7378398590852309,0.0,-0.07508519946162229
2016-10-25,2.643999818930464,1.7459894683521733,0.0,-0.07500876022190839
2016-10-26,2.6442183313121936,1.7378404720607579,0.0,-0.07493231466490191
2016-10-27,2.644436861752798,1.7377470336216596,0.0,-0.07485586279008094
2016-10-28,2.644655410253769,1.7193036378631448,0.0,-0.07477940459692312
2016-10-31,2.6448739768166,1.7185456425824945,0.0,-0.07470294008490619
2016-11-01,2.6450925614427834,1.7406237785326846,0.0,-0.07462646925350824
2016-11-02,2.6453111641338114,1.7300127331817066,0.0,-0.07454999210220703
2016-11-03,2.6455297848911776,1.7438954643458908,0.0,-0.07447350863047997
2016-11-04,2.6457484237163755,1.7418596798345638,0.0,-0.0743970188378047
2016-11-07,2.6459670806108977,1.7444286430748235,0.0,-0.07432052272365908
2016-11-08,2.6461857555762376,1.7564246360297322,0.0,-0.07424402028752042
2016-11-09,2.6464044486138887,1.7437737467095078,0.0,-0.07416751152886647
2016-11-10,2.6466231597253445,1.7727113084590314,0.0,-0.07409099644717454
2016-11-11,2.6468418889120984,1.7833983772901625,0.0,-0.07401447504192238
2016-11-14,2.6470606361756452,1.7912312125680203,0.0,-0.07393794731258685
2016-11-15,2.647279401517478,1.799577026823954,0.0,-0.0738614132586457
2016-11-16,2.647498184939091,1.79942036365281,0.0,-0.07378487287957625
2016-11-17,2.6477169864419787,1.7935192252132781,0.0,-0.07370832617485545
2016-11-18,2.647935806027635,1.7900969260528823,0.0,-0.07363177314396085
2016-11-21,2.6481546436975547,1.800470426558611,0.0,-0.07355521378636942
2016-11-22,2.648373499453232,1.8189070464179053,0.0,-0.07347864810155846
2016-11-23,2.648592373296162,1.8062504510652333,0.0,-0.07340207608900484
2016-11-24,2.6488112652278395,1.7968311135068062,0.0,-0.07332549774818564
2016-11-25,2.649030175249759,1.8003678100425646,0.0,-0.07324891307857817
2016-11-28,2.6492491033634162,1.798499834841883,0.0,-0.07317232207965896
2016-11-29,2.649468049570306,1.777973222372061,0.0,-0.0730957247509052
2016-11-30,2.6496870138719233,1.7711578136451724,0.0,-0.07301912109179365
2016-12-01,2.649905996269764,1.780863826650995,0.0,-0.07294251110180128
2016-12-02,2.6501249967653235,1.74621398381096,0.0,-0.07286589478040462
2016-12-05,2.6503440153600977,1.7347760666650205,0.0,-0.07278927212708064
2016-12-06,2.6505630520555816,1.7387375147407722,0.0,-0.07271264314130621
2016-12-07,2.6507821068532724,1.7603237448528786,0.0,-0.07263600782255741
2016-12-08,2.651001179754665,1.7486429541342066,0.0,-0.07255936617031156
2016-12-09,2.651220270761256,1.7430713838832244,0.0,-0.07248271818404461
2016-12-12,2.6512202707612555,1.647622043096977,1.0000000000000002,-0.07248271818404484
2016-12-13,2.6716582079137203,1.6563548053935293,1.0000000000000002,-0.0653325993792665
2016-12-14,2.66774534738851,1.6474616796465449,1.0000000000000002,-0.06670149573182271
2016-12-15,2.725519383251603,1.6640537305218435,1.0000000000000002,-0.04648951361391018
2016-12-16,2.8162543802637714,1.6821026605049259,1.0000000000000002,-0.014746290041566135
2016-12-19,2.776440963711777,1.6815482908364838,1.0000000000000002,-0.028674831667233835
2016-12-20,2.8220386453145156,1.6796706401308061,1.0000000000000002,-0.012722691377834994
2016-12-21,2.919459169886411,1.6961947572758984,1.0000000000000002,0.0
2016-12-22,2.9127116858435276,1.6957826972492107,1.0000000000000002,-0.0023112102791099653
2016-12-23,2.8075024958902595,1.6716077472096316,1.0000000000000002,-0.038348429445755006
2016-12-26,2.8173519343937747,1.679920721277773,1.0000000000000002,-0.03497470920157075
2016-12-27,2.8821246210317693,1.6836865938623025,1.0000000000000002,-0.012788172973864254
2016-12-28,2.8679849714579095,1.6775685430271756,1.0000000000000002,-0.017631415763387448
2016-12-29,2.887238333768564,1.672290988914805,1.0000000000000002,-0.011036577065436703
2016-12-30,2.8532625646879786,1.6716180633691535,1.0000000000000002,-0.022674269906301836
2017-01-03,2.8766723649753003,1.6894768239664713,1.0000000000000002,-0.014655729853134236
2017-01-04,2.9478362506850107,1.7120920307696998,1.0000000000000002,0.0
2017-01-05,3.0219201609304154,1.712849292624306,1.0000000000000002,0.0
2017-01-06,2.8879077978806116,1.6995259824268174,1.0000000000000002,-0.04434675832353652
2017-01-09,2.920613705077711,1.709058039072247,1.0000000000000002,-0.03352386908246885
2017-01-10,2.974974605590519,1.7035885248098048,0.0,-0.015535008484619306
2017-01-11,2.9752204712604025,1.6828300974079353,0.0,-0.015453647741518917
2017-01-12,2.9754663572497626,1.6663632320480137,0.0,-0.015372280274390193
2017-01-13,2.975712263560279,1.635121411443443,0.0,-0.015290906082677358
2017-01-16,2.9758352268769532,1.5710716327841439,0.499979339696707,-0.015250215624251662
2017-01-17,3.031311923146191,1.5914647244162794,0.5090897583937022,0.0
2017-01-18,3.019689391484572,1.5857627462137438,0.5071595587233156,-0.003834158924019948
2017-01-19,3.023568284581367,1.5789475247447249,0.5077511384103505,-0.002554550228135888
2017-01-20,3.0588222974104085,1.6051630771050462,0.5133842684308175,0.0
2017-01-23,3.0964396247034696,1.6207446805324708,0.5192562282646117,0.0
2017-01-24,3.0807510270821727,1.6149543286964552,0.516768127204468,-0.005066657039308198
2017-01-25,3.097097313657899,1.6197097554073372,0.5192788691727073,0.0
2017-01-26,3.1037215450329714,1.6293414645120905,0.5202652216256615,0.0
2017-02-03,3.0871877819252607,1.6243578071047706,0.5176560910652966,-0.005327076823038568
2017-02-06,3.126477275880245,1.6445678882948285,0.5236781988421583,0.0
2017-02-07,3.152967520285137,1.6480829289095884,0.5276410705495099,0.0
2017-02-08,3.153290851203487,1.6624103795285792,0.527650471181623,0.0
2017-02-09,3.168107994810077,1.6769638463615455,0.5298207808177583,0.0
2017-02-10,3.1658831858727283,1.6742810630578069,0.5294514795753928,-0.0007022516091601538
2017-02-13,3.1623424492245373,1.6869997356797555,0.5288856951107109,-0.0018198702806169198
2017-02-14,3.145265459859273,1.6876585125973358,0.5262886678987685,-0.007210150344692856
2017-02-15,3.120350942464638,1.6713454838556192,0.522466846048315,-0.015074313256894456
2017-02-16,3.1108972231728194,1.684690599207103,0.5209760829587092,-0.018058340097931946
2017-02-17,3.0972525836762475,1.6669237528113525,0.5188260273782848,-0.02236521332287389
2017-02-20,3.098596287664145,1.6847888488070504,0.0,-0.021941078795231883
2017-02-21,3.0988523700019686,1.7016510975075483,0.0,-0.02186024747942983
2017-02-22,3.099108473503622,1.7093406599225667,0.0,-0.021779409483353662
2017-02-23,3.0993645981708537,1.7059427752546668,0.0,-0.02169856480645138
2017-02-24,3.0996207440054135,1.711485108250705,0.0,-0.021617713448170872
2017-02-27,3.09987691100905,1.697059111158921,0.0,-0.02153685540796002
2017-02-28,3.1001330991835134,1.704944204534723,0.0,-0.0214559906852666
2017-03-01,3.100389308530554,1.710052105836005,0.0,-0.021375119279537946
2017-03-02,3.1006455390519196,1.697283123560707,0.0,-0.021294241190222274
2017-03-03,3.100901790749362,1.7006535839283108,0.0,-0.021213356416767026
2017-03-06,3.1011580636246308,1.7215265461839648,0.0,-0.021132464958619535
2017-03-07,3.1014143576794755,1.7260098273870608,0.0,-0.021051566815227685
2017-03-08,3.101670672915647,1.7181452022658543,0.0,-0.02097066198603903
2017-03-09,3.1019270093348963,1.7050451637379875,0.0,-0.02088975047050068
2017-03-10,3.1021833669389736,1.7065586516634332,0.0,-0.020808832268060184
2017-03-13,3.1024397457296295,1.7210866237953688,0.0,-0.02072790737816499
2017-03-14,3.1026961457086157,1.7178766114382393,0.0,-0.020646975800262313
2017-03-15,3.1029525668776823,1.7157596860639743,0.0,-0.020566037533799597
2017-03-16,3.1032090092385816,1.735973073740236,0.0,-0.02048509257822384
2017-03-17,3.1034654727930637,1.719439720951272,0.0,-0.020404140932982484
2017-03-20,3.103721957542881,1.7265361029888686,0.0,-0.020323182597522416
2017-03-21,3.1039784634897853,1.730270572655202,0.0,-0.020242217571290855
2017-03-22,3.10413237977723,1.7210095755929498,0.3999801662727471,-0.02019363454075762
2017-03-23,3.108594318477837,1.7234283413089087,0.4007918909466424,-0.018785242305418226
2017-03-24,3.115282758277415,1.729095196855662,0.4020289618434581,-0.01667406433720031
2017-03-27,3.1242361534088308,1.724938943996375,0.40369334195903356,-0.01384796271879496
2017-03-28,3.119490547738746,1.7187421771571352,0.4027368385213673,-0.015345893243214892
2017-03-29,3.1157885074155787,1.704216835818054,0.40197777794923967,-0.016514426743093003
2017-03-30,3.116265305653264,1.6645460846051943,0.5020128243268714,-0.016363927379287824
2017-03-31,3.1290849793279216,1.6671957894532672,0.5040120605962553,-0.012317451155731463
2017-04-05,3.1426151119189427,1.7038725892383715,0.506106659789667,-0.008046721555229897
2017-04-06,3.1362177271279332,1.7101101620846297,0.5050582951241839,-0.01006602923081712
2017-04-07,3.1345602933649794,1.7103703603407954,0.5047556632683317,-0.010589191246022756
2017-04-10,3.1181714066612476,1.6889119695888546,0.5021115499215493,-0.01576227459121793
2017-04-11,3.1139372341259635,1.7060378783993808,0.5013933429236964,-0.01709877339183352
2017-04-12,3.1085245919272038,1.6888840025090144,0.5004838773993521,-0.018807251198659114
2017-04-13,3.10167320530037,1.6953860308869357,0.4993391065072616,-0.020969862649423243
2017-04-14,3.085081083095711,1.669010253275166,0.4966048625032306,-0.026207096428019105
2017-04-17,3.070992988120964,1.637836158938796,0.4942537575457427,-0.030653944514582365
2017-04-18,3.049545820639057,1.6200308599513171,0.49065480086498564,-0.037423652970557164
2017-04-19,3.04161898423018,1.602171427782446,0.9999999999999997,-0.03992572563407193
2017-04-20,3.0027354591931914,1.5945973853383764,0.9999999999999997,-0.05219914721587626
2017-04-21,2.9841937836495793,1.584344752817518,1.0,-0.058051749328552504
2017-04-24,2.8940220638799024,1.5329737839918485,1.0,-0.08651407445048465
2017-04-25,2.917565187711476,1.5405474451794665,1.0,-0.07908278616418207
2017-04-26,2.9533056449836925,1.5475646532344272,1.0,-0.067801460738797
2017-04-27,3.013995994235961,1.5590513943635598,1.0,-0.04864480656170145
2017-04-28,3.05125123869748,1.5684165932638225,1.0,-0.036885344913755724
2017-05-02,3.0714349708321853,1.5686811872248045,1.0,-0.030514434525672485
2017-05-03,3.0829830817450463,1.5669579739299149,1.0,-0.026869321754334208
2017-05-04,3.079928598975894,1.5614176638924593,1.0,-0.02783345642845403
2017-05-05,3.036297175764093,1.5395625443251975,1.0,-0.041605532154179614
2017-05-08,2.9484333016441884,1.5054976283512123,1.0,-0.06933939547697077
2017-05-09,3.009287509422888,1.5169924683413527,1.0,-0.05013102004330827
2017-05-10,2.931500594972135,1.486949271473144,1.0,-0.07468413331412538
2017-05-11,2.8803100482156134,1.481540509060943,1.0,-0.09084221468015852
2017-05-12,2.864072876143185,1.4820821577684113,1.0,-0.09596740993834663
2017-05-15,2.8603746014242897,1.486911983193295,1.0,-0.09713475484103107
2017-05-16,2.943791863607355,1.5218957555124553,1.0,-0.07080444592488377
2017-05-17,2.9706246520666757,1.5280973728833747,1.0,-0.0623347887972614
2017-05-18,2.9446390259637756,1.5161625630291595,0.9017714585331446,-0.07053704268048411
2017-05-19,2.93049471336183,1.514216052166005,0.9012891918528632,-0.07500163562526896
2017-05-22,2.864351448480017,1.4820006853544934,1.0000000000000002,-0.09587947974869127
2017-05-23,2.726368547454229,1.43408408241922,1.0000000000000002,-0.1394332036911291
2017-05-24,2.7460657725384943,1.4440602495233315,1.0000000000000002,-0.13321585721287366
2017-05-25,2.795137742834772,1.4590415605770133,1.0000000000000002,-0.11772649562019244
2017-05-26,2.8151369461227977,1.4608850898454655,1.0000000000000002,-0.11141383098856117
2017-05-31,2.8117864660408953,1.4573654269689749,1.0000000000000002,-0.11247139597289602
2017-06-01,2.709315980385283,1.415430725110937,0.9999999999999999,-0.14481577495981102
2017-06-02,2.783968933257484,1.4361744162894603,0.9999999999999999,-0.12125188351592842
2017-06-05,2.8290254343393757,1.4503734863942528,0.9999999999999999,-0.10702998793796759
2017-06-06,2.8463937203763807,1.4581700512984912,0.9999999999999999,-0.10154776130129439
2017-06-07,2.9190013432119146,1.4962525984758177,0.9999999999999999,-0.07862946970439244
2017-06-08,2.9448966134562604,1.497013603675776,0.9999999999999999,-0.07045573626892654
2017-06-09,2.9482307138331088,1.4991660503350746,0.9999999999999999,-0.06940334146978777
2017-06-12,2.90094323974897,1.4753857006397735,0.9999999999999999,-0.08432943431813889
2017-06-13,2.9642630901111384,1.5003284097233276,0.9999999999999999,-0.06434278914508995
2017-06-14,2.984072536975948,1.4994530735341713,0.9999999999999999,-0.058090020332517645
2017-06-15,3.0085853854052957,1.5188755258856923,0.9999999999999999,-0.05035264254441696
2017-06-16,3.0123706099624807,1.5156809134839215,0.9999999999999999,-0.04915785228998559
2017-06-19,3.030597613772579,1.5266610784636518,0.5919787207191783,-0.04340457499010897
2017-06-20,3.034466407809332,1.527701656071873,0.5924652498211983,-0.04218340637998241
2017-06-21,3.0246833088341663,1.5304735670200345,0.08454616895716502,-0.04527140053649237
2017-06-22,3.02380964668885,1.5025132898278364,0.08420598985335055,-0.045547168328104126
2017-06-23,3.022450158352206,1.5048533480891015,0.08371834916171035,-0.045976285119220806
2017-06-26,3.0266405862799215,1.5267408564245335,0.08491133352585035,-0.04465359412049852
2017-06-27,3.0258417299332216,1.5300050738351714,0.08459409266721137,-0.04490574977554829
2017-06-28,3.0288082385067803,1.5188915479422023,0.08541509027419973,-0.043969383787261784
2017-06-29,3.0279392363130935,1.526599609249015,0.0,-0.04424368068468776
2017-06-30,3.028189479225185,1.5272725041325932,0.0,-0.044164692559124585
2017-07-03,3.0284397428185095,1.5410091184860057,0.0,-0.044085697905617116
2017-07-04,3.0286900270947754,1.5364394213829458,0.0,-0.04400669672362589
2017-07-05,3.0289403320556927,1.5511381926569847,0.0,-0.04392768901261124
2017-07-06,3.0291906577029697,1.554978485993995,0.0,-0.0438486747720338
2017-07-07,3.029441004038317,1.5639808024783397,0.0,-0.0437696540013538
2017-07-10,3.0296913710634445,1.554882634939724,0.0,-0.04369062670003154
2017-07-11,3.029941758780061,1.5326662820850725,0.0,-0.04361159286752747
2017-07-12,3.0301921671898775,1.5338978869782982,0.0,-0.04353255250330168
2017-07-13,3.0304425962946038,1.534610000770979,0.0,-0.04345350560681438
2017-07-14,3.0306930460959505,1.525281094356645,0.0,-0.04337445217752567
2017-07-17,3.0308182813457876,1.4403841060645968,0.499979339696707,-0.04333492219621127
2017-07-18,3.0575038060555575,1.4563788067869097,0.5043024964037831,-0.03491174825343979
2017-07-19,3.0644573040205967,1.4836132663000128,0.5053863997844691,-0.03271690578707498
2017-07-20,3.073294725351111,1.4914765659292237,0.5067679277073908,-0.02992741081247452
2017-07-21,3.0637024985817356,1.4915436383510665,0.5051827638265434,-0.03295515695783602
2017-07-24,3.0644168109524696,1.5030482849929465,0.5052572207554243,-0.032729687254181905
2017-07-25,3.095673563068075,1.4989745287335154,0.5102121214374706,-0.022863624554675055
2017-07-26,3.0880346483778496,1.5005777971212129,0.5089599478128563,-0.025274815935379058
2017-07-27,3.1739373084780143,1.5202862640287171,0.5222104705980113,0.0
2017-07-28,3.166835004087724,1.5209788492582745,0.5210993501580172,-0.0022376952346598866
2017-07-31,3.169241554821802,1.5364054006662493,0.5214234529138705,-0.001479472717898167
2017-08-01,3.1804806079905803,1.5370197193232786,0.5230752152600109,0.0
2017-08-02,3.160646735469341,1.5235182688631508,0.5200427267563926,-0.006236124336494675
2017-08-03,3.176224947816013,1.5305016382184253,0.5223572688854465,-0.0013380556900347562
2017-08-04,3.152106308102959,1.5221022482571802,0.5186627636774949,-0.008921387483493581
2017-08-07,3.162971522474313,1.5364642997844156,0.5202765757625215,-0.0055051697131175414
2017-08-08,3.1849055874837666,1.5412332267442257,0.5235410002596832,0.0
2017-08-09,3.1841209892850246,1.5473404011726253,0.523384209675651,-0.0002463489661437279
2017-08-10,3.153019721816561,1.5337885116729122,0.5186431112447479,-0.010011557577252028
2017-08-11,3.1432649720158063,1.5029002445989004,0.5171093722490966,-0.013074364160621244
2017-08-14,3.183844480459108,1.5341410924884935,0.0,-0.0003331674975950438
2017-08-15,3.184107608102121,1.5401983486495825,0.0,-0.00025055040399990514
2017-08-16,3.1843707574912203,1.5462188496542912,0.0,-0.00016792648254571052
2017-08-17,3.184633928628203,1.561339859704518,0.0,-8.529573266824464e-05
2017-08-18,3.184897121514867,1.5549355493495323,0.0,-2.658153803070107e-06
2017-08-21,3.1851603361530083,1.568498099644776,0.0,0.0
2017-08-22,3.1854235725444258,1.558898222658414,0.0,0.0
2017-08-23,3.1856868306909174,1.5473085072015735,0.0,0.0
2017-08-24,3.18595011059428,1.5349462465524917,0.0,0.0
2017-08-25,3.186213412256313,1.55404186557576,0.0,0.0
2017-08-28,3.1864767356788133,1.5756516682480528,0.0,0.0
2017-08-29,3.18674008086358,1.5734341335985964,0.0,0.0
2017-08-30,3.1870034478124123,1.5801836557106883,0.0,0.0
2017-08-31,3.1872668365271077,1.5890744214469426,0.0,0.0
2017-09-01,3.1875302470094655,1.601821267158867,0.0,0.0
2017-09-04,3.187793679261284,1.6111420810143646,0.0,0.0
2017-09-05,3.188057133284364,1.6114872274865806,0.0,0.0
2017-09-06,3.1883206090805034,1.6200418701294106,0.0,0.0
2017-09-07,3.188584106651502,1.6126695958005082,0.0,0.0
2017-09-08,3.188847625999159,1.6163863917481278,0.0,0.0
2017-09-11,3.1891111671252745,1.6341513974904358,0.0,0.0
2017-09-12,3.1893747300316484,1.6276008073172088,0.0,0.0
2017-09-13,3.1896383147200806,1.6358175935800983,0.0,0.0
2017-09-14,3.1899019211923716,1.6333862435417321,0.0,0.0
2017-09-15,3.190165549450321,1.623678870103336,0.0,0.0
2017-09-18,3.1904291994957306,1.636731452047227,0.0,0.0
2017-09-19,3.1906928713303992,1.6294344684407673,0.0,0.0
2017-09-20,3.190956564956129,1.6454866213108628,0.0,0.0
2017-09-21,3.1912202803747203,1.6275455436930983,0.0,0.0
2017-09-22,3.1914840175879746,1.6216264532563238,0.0,0.0
2017-09-25,3.1917477765976923,1.598056244482975,0.0,0.0
2017-09-26,3.1920115574056758,1.5986540522125265,0.0,0.0
2017-09-27,3.1922753600137255,1.612774546355558,0.0,0.0
2017-09-28,3.1925391844236444,1.6057594911349868,0.0,0.0
2017-09-29,3.192803030637233,1.6193222186167144,0.0,0.0
2017-10-09,3.193066898656294,1.6408122554289117,0.0,0.0
2017-10-10,3.1933307884826294,1.6551015881211903,0.0,0.0
2017-10-11,3.1935947001180414,1.6469344177271734,0.0,0.0
2017-10-12,3.1938586335643318,1.6444401153162451,0.0,0.0
2017-10-13,3.194122588823304,1.6536952186962783,0.0,0.0
2017-10-16,3.1943865658967607,1.6179071676680137,0.0,0.0
2017-10-17,3.1946505647865044,1.6179115242734268,0.0,0.0
2017-10-18,3.1949145854943377,1.6019814103853514,0.0,0.0
2017-10-19,3.195046606758203,1.5844146713747809,0.4999793396967066,0.0
2017-10-20,3.2276624859723366,1.6031734059295297,0.5049911962203105,0.0
2017-10-23,3.2275027276373107,1.614292264289077,0.5049257819088154,-4.9496604964227586e-05
2017-10-24,3.204791390231838,1.6050781366402722,0.5013761431892388,-0.007085962624623243
2017-10-25,3.2143003504776733,1.6185851515527199,0.5028101502877624,-0.004139880037871468
2017-10-26,3.224434256073651,1.6265246001267537,0.5043317813037764,-0.0010001757967927905
2017-10-27,3.208539909131509,1.6134404440341554,0.501835191077227,-0.005924589985457196
2017-10-30,3.135143249971386,1.5675165281512125,0.49013054876298884,-0.028664470465250336
2017-10-31,3.161479430292925,1.5826596960120203,0.4943361447586232,-0.02050494931457303
2017-11-01,3.1748175053377565,1.5855126746207686,0.49641892997181564,-0.016372523727077537
2017-11-02,3.1441340055634908,1.567608603167532,0.4914624745427877,-0.025878938944783436
2017-11-03,3.119915162756189,1.5542609425317326,0.48747251613876924,-0.033382462907576405
2017-11-06,3.126739508319035,1.5746046531845763,0.4885488809583515,-0.03126813230686931
2017-11-07,3.1361671406475917,1.5842522987041594,0.4900442125904974,-0.028347246876769372
2017-11-08,3.169501780258578,1.5884352959563033,0.495365874940734,-0.0180194509080579
2017-11-09,3.1752134126677087,1.5991514635124893,0.4962319898264825,-0.016249863030157408
2017-11-10,3.168928534057498,1.6038307565440686,0.49519115955786513,-0.018197055042186383
2017-11-13,3.163166163888635,1.6095740630689153,0.49422974870666525,-0.0199823625809723
2017-11-14,3.1414875090211707,1.5967818335117987,0.4906974613793053,-0.026698881102249383
2017-11-15,3.096550378351958,1.5796356877377007,0.4832637623788524,-0.040621381011862856
2017-11-16,3.083506830589294,1.5719042306809117,0.0,-0.04466255564500743
2017-11-17,3.083506830589294,1.512050799608019,1.0,-0.04466255564500743
2017-11-20,3.1198145221330402,1.5224191422600797,1.0,-0.03341364356032017
2017-11-21,3.1151706509199486,1.5238744367545343,1.0,-0.03485241580905252
2017-11-22,3.1086773509377132,1.524538417992482,1.0,-0.036864181292728615
2017-11-23,3.075246561796229,1.4819543702321851,1.0,-0.04722176647605458
2017-11-24,3.1002201906006865,1.4834610662835042,1.0,-0.039484393404057516
2017-11-27,3.0933219672734866,1.4613351942551203,1.0,-0.04162161294209166
2017-11-28,3.1613165191689423,1.4873308572497166,1.0,-0.020555422722090322
2017-11-29,3.1435386703252686,1.4891738738696076,1.0,-0.026063386742782524
2017-11-30,3.133111862802639,1.4796786495722918,1.0,-0.02929383836774191
2017-12-01,3.1558053333552096,1.4938671700533408,1.0,-0.02226290788749552
2017-12-04,3.0405360156221595,1.4704515332181438,1.0,-0.05797584820700519
2017-12-05,2.8735890721119226,1.43076199908438,1.0,-0.10969964034320301
2017-12-06,2.9635848152118647,1.447979064860679,1.0,-0.08181700283352844
2017-12-07,3.0064066493201214,1.4446299914424579,1.0,-0.06854986778010708
2017-12-08,3.050275838112615,1.4626295407639704,1.0,-0.0549582394784639
2017-12-11,3.09423828754476,1.4815521874351445,1.0,-0.041337717003388175
2017-12-12,3.0482288264670774,1.4639259493520043,1.0,-0.05559244818350473
2017-12-13,3.066177052307565,1.4765923985442917,1.0,-0.05003169766560145
2017-12-14,3.083776921385866,1.4783418438064375,1.0,-0.044578875645086224
2017-12-15,3.0989518449027234,1.470053579273875,0.0,-0.03987735447216034
2017-12-18,3.0992079566254427,1.4592789239627784,0.0,-0.039798005493191124
2017-12-19,3.09946408951442,1.4713386921306917,0.0,-0.03971864995645502
2017-12-20,3.0995921665429123,1.4565618745704993,0.4999793396967067,-0.03967896890893252
2017-12-21,3.1019824597615315,1.4642034176842385,0.5003233482118947,-0.03893840411041116
2017-12-22,3.082648060277989,1.4614698753458766,0.497147816653968,-0.044928621355111
2017-12-25,3.0547186358776504,1.4421457498808703,0.4925082794283119,-0.05358176415480653
2017-12-26,3.0670942294499923,1.4539647170319798,0.4945142145061434,-0.049747536249588054
2017-12-27,3.0508341748506758,1.444070437054074,0.49177812465184984,-0.05478525462007566
2017-12-28,3.063676465308924,1.4487867638583456,0.49386665862794804,-0.05080643387470296
2017-12-29,3.06897309593391,1.459251772337284,0.49469841900362743,-0.049165422570700223
2018-01-02,3.0889532938178883,1.4775923421797423,0.49792535800180737,-0.042975122943396005
2018-01-03,3.112294217925676,1.4936922998813666,0.501649528333992,-0.03574359727761489
2018-01-04,3.10708815759514,1.4988619575165083,0.5007732656083145,-0.037356547935610274
2018-01-05,3.1106159477824433,1.4965486283963398,0.5012982335542002,-0.03626356184966251
2018-01-08,3.1379681912511233,1.501265484701504,0.5056043345742728,-0.027789242249160684
2018-01-09,3.1231209285653527,1.4995587140170337,0.503212932772589,-0.03238924697403445
2018-01-10,3.1139108595477825,1.4898824106162498,0.5017023986934905,-0.03524272656107241
2018-01-11,3.1116130955687145,1.4966716855393063,0.5012932198741492,-0.03595462378981118
2018-01-12,3.1059926904439754,1.4877445716533142,0.500349502059442,-0.03769594747193894
2018-01-15,3.0709788153615705,1.4463649073593685,0.49461095475262135,-0.04854400709235407
2018-01-16,3.103352645147502,1.4591213886956087,0.4998417851133576,-0.03851389089320656
2018-01-17,3.1616863109644138,1.4578029184565722,0.5090292189745873,-0.020440853185443086
2018-01-18,3.168380844542979,1.4623324717038648,0.4999793396967071,-0.0183667411592755
2018-01-19,3.180928122082224,1.4606094767032138,0.5019105269245345,-0.014479321829101943
2018-01-22,3.1921330993022994,1.4730923434209993,0.5036178931185381,-0.011007776316281692
2018-01-23,3.1848013416207896,1.4779145731549104,0.5024340499832519,-0.013279314221305571
2018-01-24,3.1997727995943204,1.4899872606461313,0.5047211889350416,-0.008640831096568213
2018-01-25,3.2144396271288738,1.4872418538156509,0.5069402990147386,-0.004096729103780339
2018-01-26,3.2059543871593816,1.4837716117044581,0.5055944550907093,-0.006725640895632656
2018-01-29,3.173897745795898,1.4638489086150561,0.5005596437335627,-0.016657485226570068
2018-01-30,3.1679724188486067,1.4588229238998167,0.4995841448987582,-0.018493280317612992
2018-01-31,3.120652196041978,1.4228804327928288,0.4919540710897541,-0.03315411397425638
2018-02-01,3.026197662616546,1.3675892428230108,1.0000000000000002,-0.062418181650458204
2018-02-02,3.0252990379130558,1.364819915289323,1.0000000000000002,-0.06269659511760217
2018-02-05,2.9877368089144696,1.3581059660437655,1.0000000000000002,-0.07433419017651377
2018-02-06,2.871647523976156,1.279565589359735,1.0000000000000002,-0.11030117416038643
2018-02-07,2.8683684850968256,1.2827270398809716,1.0000000000000002,-0.11131709168385162
2018-02-08,2.941753882175915,1.2978141552782165,1.0000000000000002,-0.08858070044157407
2018-02-09,2.8388015163299616,1.244369247480913,1.0000000000000002,-0.12047758132468744
2018-02-12,2.932561234871551,1.2801828468602152,1.0000000000000002,-0.09142878240315333
2018-02-13,2.9266872729513804,1.2841806856072875,1.0000000000000002,-0.09324866349223848
2018-02-14,2.9236678233149176,1.2862873686958451,1.0000000000000002,-0.0941841546253992
2018-02-22,2.987151650373799,1.3179050936578136,0.9999999999999999,-0.0745154850123938
2018-02-23,2.986393586519752,1.3253542117944994,0.9999999999999999,-0.07475034967291572
2018-02-26,3.091858673578128,1.3613668297008619,0.9999999999999999,-0.04207497313750186
2018-02-27,3.143310502853979,1.3640630210253526,0.9999999999999999,-0.026134077985216164
2018-02-28,3.1373308655064243,1.3654251934575607,0.9999999999999999,-0.027986699618841926
2018-03-01,3.2104179571101152,1.3852637869020161,0.9999999999999999,-0.005342729897307219
2018-03-02,3.1864360283020545,1.3762453823671275,0.9999999999999999,-0.012772852753178299
2018-03-05,3.1995086546553346,1.3867353577250732,0.9999999999999999,-0.008722668940560174
2018-03-06,3.205646222388364,1.4051547226164633,0.9999999999999999,-0.006821117040476499
2018-03-07,3.208504903173562,1.394696467677703,0.9999999999999999,-0.0059354355921769075
2018-03-08,3.2134825666707796,1.4070492987854237,0.462808069123725,-0.004393247237957532
2018-03-09,3.241891248540568,1.430883464964848,0.4674714731827553,0.0
2018-03-12,3.306581587090901,1.4552225336059939,0.968105229270417,0.0
2018-03-13,3.308050682953337,1.4433259340577744,0.9681167588861695,0.0
2018-03-14,3.2460643539157266,1.427422277622487,0.9675052362850094,-0.01873802277487202
2018-03-15,3.2443117356528033,1.4189986913811399,0.9674849952339506,-0.01926782670803262
2018-03-16,3.213497786753819,1.4139448494708184,0.9671704987425959,-0.02858266249872088
2018-03-19,3.2158647438441577,1.4210197280071788,0.9671919508937797,-0.02786714834334958
2018-03-20,3.2311675428980293,1.4254785852131988,0.967344631140659,-0.02324122192307787
2018-03-21,3.2212439404247726,1.4137035265605444,0.9672413234897583,-0.026241055790313883
2018-03-22,3.210165937039604,1.4124677014555085,0.4951528662138667,-0.02958985677521253
2018-03-23,3.1738179384055263,1.3293567140016753,0.4893289277485893,-0.04057759611711009
2018-03-26,3.138435857681975,1.354970441894023,0.48352904703086536,-0.05127334540108519
2018-03-27,3.13702572670297,1.3940170394057885,0.48325418435870904,-0.05169961788423405
2018-03-28,3.13708867503746,1.3831113235750572,0.4832218478912307,-0.05168058905410933
2018-03-29,3.1613233748554506,1.397102371463865,0.4871410868280246,-0.04435461308195332
2018-03-30,3.150462046659986,1.4230071777799822,0.48533045661295243,-0.04763791471074441
2018-04-02,3.1400052860735213,1.4314601413530665,0.4835738417136771,-0.05079891845241913
2018-04-03,3.127375648779044,1.4191304601112895,0.4814454469303987,-0.05461676724160447
2018-04-04,3.1274045664360206,1.4093117099573096,0.4814073864115007,-0.05460802564126399
2018-04-09,3.1260346335829663,1.415597224243131,0.48113724412022313,-0.055022146519191795
2018-04-10,3.169067456496639,1.4183956352268567,0.4881405917035973,-0.04201363273328629
2018-04-11,3.186337654010353,1.4293909976607628,0.0,-0.036792975866476785
2018-04-12,3.1866009877007673,1.418701645265915,0.0,-0.03671337198018465
2018-04-13,3.1868643431542965,1.4139528922070679,0.0,-0.03663376151505904
2018-04-16,3.1871277203727386,1.4078605821230548,0.0,-0.03655414447055627
2018-04-17,3.1873911193578937,1.3705498594609344,0.0,-0.03647452084613223
2018-04-18,3.1876545401115592,1.3904933040454632,0.0,-0.03639489064124357
2018-04-19,3.1879179826355353,1.3955070832300789,0.0,-0.036315253855346175
2018-04-20,3.1881814469316208,1.357438451388776,0.0,-0.03623561048789625
2018-04-23,3.1884449330016156,1.3448767967645932,0.0,-0.036155960538349685
2018-04-24,3.188708440847318,1.3831272509009962,0.0,-0.03607630400616291
2018-04-25,3.1889719704705284,1.3918041672743968,0.0,-0.035996640890791465
2018-04-26,3.1892355218730466,1.3598790572790427,0.0,-0.03591697119169157
2018-04-27,3.189499095056673,1.3605450077558168,0.0,-0.035837294908318884
2018-05-02,3.189762690023206,1.3530266085780023,0.0,-0.035757612040129505
2018-05-03,3.190026306774448,1.3717353767669493,0.0,-0.03567792258657898
2018-05-04,3.1902899453121982,1.3675096878732573,0.0,-0.0355982265471233
2018-05-07,3.190553605638257,1.3980654353858666,0.0,-0.03551852392121824
2018-05-08,3.190817287754425,1.4096654564787046,0.0,-0.03543881470831911
2018-05-09,3.191080991662504,1.4106204155099493,0.0,-0.0353590989078818
2018-05-10,3.191344717364294,1.4178579498699464,0.0,-0.03527937651936186
2018-05-11,3.191608464861597,1.397801157032773,0.0,-0.03519964754221461
2018-05-14,3.1918722341562136,1.3897729623349968,0.0,-0.03511991197589592
2018-05-15,3.1921360252499458,1.4083976021632307,0.0,-0.0350401698198608
2018-05-16,3.192399838144594,1.4013599793220826,0.0,-0.03496042107356501
2018-05-17,3.1926636728419617,1.3971022375401858,0.0,-0.034880665736463534
2018-05-18,3.1929275293438493,1.4022848028207653,0.0,-0.03480090380801215
2018-05-21,3.1931914076520593,1.424246665920498,0.0,-0.03472113528766574
2018-05-22,3.193455307768394,1.4342428263034017,0.0,-0.03464136017487962
2018-05-23,3.193719229694656,1.417384667990175,0.0,-0.0345615784691089
2018-05-24,3.1939831734326476,1.4154862557261474,0.0,-0.03448179016980879
2018-05-25,3.194247138984171,1.4039771365532576,0.0,-0.03440199527643428
2018-05-28,3.194511126351029,1.3929062789404076,0.0,-0.0343221937884407
2018-05-29,3.194775135535025,1.3775066388498947,0.0,-0.03424238570528282
2018-05-30,3.195039166537962,1.320628195184577,0.0,-0.03416257102641529
2018-05-31,3.195303219361643,1.3476482268947463,0.0,-0.03408274975129344
2018-06-01,3.195567294007871,1.3299837539377068,0.0,-0.03400292187937215
2018-06-04,3.19583139047845,1.3267399164307074,0.0,-0.03392308741010608
2018-06-05,3.1960955087751843,1.3566628828733196,0.0,-0.03384324634294966
2018-06-06,3.1963596488998762,1.3630913693359445,0.0,-0.033763398677358336
2018-06-07,3.196491729877105,1.3505937431911932,0.4999793396967062,-0.033723471545071826
2018-06-08,3.17497437376333,1.3386819147824003,0.4965490082285212,-0.040228014001043144
2018-06-11,3.157421115374591,1.3285243656731365,0.49370830126338033,-0.04553423814059221
2018-06-12,3.1923253786799433,1.341165040601988,0.49920261119552967,-0.03498292963579308
2018-06-13,3.1583642556682703,1.3156381652661024,0.4937758253711505,-0.045249133592908275
2018-06-14,3.1549194299371615,1.311154235645371,0.4931812017462695,-0.04629047970917555
2018-06-15,3.128434042383666,1.2773295148338166,0.4888482228204046,-0.05429682244448397
2018-06-19,3.029671166521408,1.1863521160840578,0.9999999999999999,-0.08415213160621815
2018-06-20,3.082669855874908,1.2049771293768705,0.9999999999999999,-0.06813100785904991
2018-06-21,3.032251220612553,1.170810477872924,0.9999999999999999,-0.08337219975558474
2018-06-22,3.148520254926573,1.1911890732389658,0.9999999999999999,-0.048224904427503934
2018-06-25,3.181164283064346,1.1884109091014263,0.9999999999999999,-0.038356848806110344
2018-06-26,3.207650126501332,1.2028462281362882,0.9999999999999999,-0.030350368260491756
2018-06-27,3.1645882731613737,1.1933174413716658,0.9999999999999999,-0.0433676577360913
2018-06-28,3.1348353656433043,1.1767406048013176,0.9999999999999999,-0.05236174832587237
2018-06-29,3.2437618637370007,1.218354387700615,0.9999999999999999,-0.019434049045143786
2018-07-02,3.2303139718558564,1.2009450555129018,0.9999999999999999,-0.023499250328317012
2018-07-03,3.2756614187652584,1.221179772897622,0.9999999999999999,-0.009791042306269149
2018-07-04,3.2287294954862658,1.1938285238333306,0.9999999999999999,-0.023978226172839512
2018-07-05,3.174245405715168,1.1583801889633276,0.9999999999999999,-0.04044837581469918
2018-07-06,3.1368495988932166,1.1648854414827639,0.9999999999999999,-0.051752860058140615
2018-07-09,3.2041206477160813,1.196443319464802,0.9999999999999999,-0.03141730438799384
2018-07-10,3.222707428582672,1.2104474625840447,0.9999999999999999,-0.025798653814600336
2018-07-11,3.1564247864835764,1.1809768228325583,0.9999999999999999,-0.04583542121984463
2018-07-12,3.2302603266138212,1.2164437337150666,0.9999999999999999,-0.023515466900303594
2018-07-13,3.2253040089749008,1.219998682444657,0.9999999999999999,-0.025013726181656426
2018-07-16,3.2050735478987407,1.2193811800559413,0.9999999999999999,-0.031129249495857603
2018-07-17,3.2172252584508927,1.2209130921115705,0.45972784713638487,-0.027455874533747426
2018-07-18,3.232871885397388,1.21028463520535,0.4622982508239955,-0.02272601140706565
2018-07-19,3.227963509421195,1.1970916874734159,0.4614361266947996,-0.024209778267557436
2018-07-20,3.2309056062513495,1.2115178333142242,0.4618820797759144,-0.023320403493066966
2018-07-23,3.241051690811954,1.2188577268122849,0.46352231998211213,-0.020253314886206075
2018-07-24,3.2851441573420277,1.2390211345315834,0.4706790609106074,-0.0069244784335829035
2018-07-25,3.286618336708237,1.239089390335434,0.47087275654603467,-0.006478844582261889
2018-07-26,3.2573790292941927,1.2257201955767487,0.46607901401612617,-0.015317677543533303
2018-07-27,3.255636729436908,1.2155262660661539,0.4657491293634233,-0.015844362296660863
2018-07-30,3.2444823365696127,1.194234789819552,0.46386809273549173,-0.019216255274230654
2018-07-31,3.2522515651580615,1.1931592965023827,0.4651046432813833,-0.01686767318373117
2018-08-01,3.210342201028482,1.1709102365899688,0.45807707654960084,-0.029536573435333113
2018-08-02,3.153097723547998,1.1404709903548995,0.4481928677569892,-0.046841168487479545
2018-08-03,3.1338290470699537,1.1201389199670961,0.0,-0.052665951214460605
2018-08-06,3.1339585441380153,1.0934899717016393,0.49997933969670644,-0.05262680517938656
2018-08-07,3.173366224561425,1.1274801869184197,0.50614791439966,-0.040714145973020366
2018-08-08,3.123632416232293,1.104750556417569,0.49824344288972783,-0.05574831959841697
2018-08-09,3.1620348441217163,1.1344395878285614,0.5042962354010524,-0.04413954102458362
2018-08-10,3.183924279582801,1.1440747829884144,0.5076635063344223,-0.03752252165003689
2018-08-13,3.1915951445923874,1.1500269727956338,0.5088062252661418,-0.035203674164079435
2018-08-14,3.174534610297841,1.147545437819342,0.506125646668491,-0.04036095134319295
2018-08-15,3.1316436163239794,1.1218952039911134,0.49932016797232304,-0.0533265912576244
2018-08-16,3.118900025905006,1.1082589061743722,0.497232880349425,-0.057178887259206834
2018-08-17,3.0797908478465277,1.0843251548387933,0.49080633932692563,-0.06900131134116283
2018-08-20,3.0958028778638416,1.0922246447763035,0.4933981128879794,-0.06416098948641458
2018-08-21,3.1150523149845992,1.1073937708345754,0.49648704538635413,-0.058342022679179206
2018-08-22,3.0841180074377776,1.0927215856712371,1.0000000000000002,-0.06769324202603766
2018-08-23,3.1131337275375452,1.1012876006779502,1.0000000000000002,-0.05892199790656638
2018-08-24,3.1681578865818487,1.0971917380567764,1.0000000000000002,-0.04228858919615952
2018-08-27,3.218601904450463,1.1253725688218008,1.0000000000000002,-0.027039724319766645
2018-08-28,3.2072010152164077,1.1276390401141079,1.0000000000000002,-0.03048613138142542
2018-08-29,3.1869399997035446,1.1198006361315285,1.0000000000000002,-0.03661089108274129
2018-08-30,3.1474591435338324,1.0993277949014642,1.0000000000000002,-0.048545670792484064
2018-08-31,3.1257063307175965,1.0846830198391357,1.0000000000000002,-0.05512139012119022
2018-09-03,3.111699481852168,1.086068938351355,0.5232529376463925,-0.05935556009252918
2018-09-04,3.194085435641142,1.102370757407963,0.535511425861958,-0.034450877037485395
2018-09-05,3.164919660921527,1.0826377790462494,0.5311922697739949,-0.04326748159252103
2018-09-06,3.180994961775713,1.0801932643004457,0.5335228620426721,-0.03840803341749055
2018-09-07,3.21429121873843,1.0811195172238397,0.5383168612258065,-0.02834281369933589
2018-09-10,3.1531553623984574,1.0571852761295262,0.5293264899629809,-0.0468237446763039
2018-09-11,3.1485671219118023,1.060408642441978,1.0000000000000002,-0.04821073687394417
2018-09-12,3.134226346079937,1.0581143026432163,1.0000000000000002,-0.05254585057270478
2018-09-13,3.1531622996505715,1.0685415542644576,1.0000000000000002,-0.046821647594735616
2018-09-14,3.0971605887021134,1.0516579897096874,1.0000000000000002,-0.06375056323591355
2018-09-17,3.090030752124047,1.0333113566755772,1.0000000000000002,-0.06590586170664348
2018-09-18,3.186454674974749,1.055895351289666,1.0000000000000002,-0.03675760126807692
2018-09-19,3.213263779731918,1.0706412308102464,0.4710225725912981,-0.028653401143417745
2018-09-20,3.21331969360589,1.0677402127018838,0.47098806076404415,-0.028636498780264752
2018-09-21,3.242492769478275,1.0830163336098912,0.47570431464865054,-0.019817687139102147
2018-09-25,3.223608076023403,1.0792003260672833,0.47258927678050294,-0.02552639455165362
2018-09-26,3.2307447618549796,1.086328690211375,0.4737108308988898,-0.02336902560070242
2018-09-27,3.2158264120125057,1.0662912465267074,0.4712256572377221,-0.027878735781187047
2018-09-28,3.223918259919587,1.077518684965152,0.4725092595057643,-0.02543262818411207
2018-10-08,3.179446000424716,1.034655801528324,0.4650868187812129,-0.03887627332656418
2018-10-09,3.174476656270566,1.0379394908284205,0.4642051856835369,-0.04037847043005993
2018-10-10,3.19651027630065,1.0406282937370495,0.4926841828125008,-0.03371786509422736
2018-10-11,3.088901631703425,0.9664138948278775,1.0000000000000002,-0.06624718671307106
2018-10-12,3.0891841101734263,0.9646326112052663,1.0000000000000002,-0.06616179549719381
2018-10-15,3.0543387467273004,0.9493567312592655,1.0000000000000002,-0.07669529899690941
2018-10-16,3.0019990997823065,0.9297656728346031,1.0000000000000002,-0.09251719894986499
2018-10-17,3.031937473219475,0.9362287031289247,0.9999999999999997,-0.08346704334268418
2018-10-18,2.9628326008058923,0.9020265228214452,0.9999999999999997,-0.10435695073427464
2018-10-19,3.0413314360129067,0.9259439344127695,0.9999999999999997,-0.0806273157527051
2018-10-22,3.214193704051153,0.9762479423798841,0.9999999999999998,-0.028372291690038853
2018-10-23,3.166281879444803,0.9614670737359337,0.9999999999999997,-0.04285569270116718
2018-10-24,3.1512640197789743,0.9595484692897618,0.9999999999999997,-0.04739548398768423
2018-10-25,3.0829866596953455,0.9521347850002746,0.9999999999999997,-0.06803524033587682
2018-10-26,3.1067169735977966,0.950384881148082,0.9999999999999997,-0.06086173660912453
2018-10-29,3.049633156963505,0.9323611827265722,0.9999999999999997,-0.07811776503953805
2018-10-30,3.1157017976664267,0.9446542989298825,0.9999999999999997,-0.05814568872179027
2018-10-31,3.1618883994116027,0.9600007391182549,0.9999999999999997,-0.04418381021032147
2018-11-01,3.217893621200576,0.9673681653675297,0.9999999999999998,-0.02725383326723141
2018-11-02,3.3640511203654904,1.000258171630545,0.9999999999999998,0.0
2018-11-05,3.381968937806879,1.0059676524100873,0.9999999999999998,0.0
2018-11-06,3.3496515877761053,1.0015419029394328,0.9999999999999998,-0.00955577967304766
2018-11-07,3.3270813550340255,0.998169240435207,1.0,-0.016229475723229636
2018-11-08,3.3235156789062175,0.9928701147626686,0.47372054867412067,-0.017283795320298556
2018-11-09,3.324656358709132,0.9887541893815923,0.47385763435674927,-0.01694651256463431
2018-11-12,3.370689024969654,1.0168461335777277,0.481000141495165,-0.0033353094143259154
2018-11-13,3.3933985114939627,1.0333367677112781,0.48443081514133035,0.0
2018-11-14,3.3896774133397116,1.0323144215735065,0.023589812372299793,-0.0010965697490722404
2018-11-15,3.391320738439767,1.053731440688124,0.02398229343216865,-0.0006122985694601013
2018-11-16,3.3909093938127928,1.063429106966269,0.023783222216062612,-0.0007335176439604574
2018-11-19,3.3908405205156282,1.0673030111671906,0.023682713008641762,-0.0007538139035748737
2018-11-20,3.387689623164132,1.037667182818144,0.02269387578890106,-0.0016823512801381613
2018-11-21,3.388305700696813,1.0437332520197147,0.02279081972748659,-0.0015007995022982001
2018-11-22,3.389093012956908,1.042594626892049,0.0229370905755315,-0.0012687865932844433
2018-11-23,3.38354504239027,0.9960658886733338,0.02125412727336116,-0.0029037170465883166
2018-11-26,3.3829626131585915,0.99235943354395,0.02100471904912113,-0.00307535301262829
2018-11-27,3.3840924419918683,0.9988615726718529,0.021250689276024744,-0.002742403955967254
2018-11-28,3.3853935300539,1.0103026896130531,0.021545988863513162,-0.0023589865478365057
2018-11-29,3.3836125859100616,0.9829401488488784,0.020950078946650696,-0.002883812658829976
2018-11-30,3.3852561597767252,0.9903434803368898,0.02134454300587329,-0.002399468170230512
2018-12-03,3.3882695593229273,1.0232511685413677,0.0221341136875101,-0.0015114499973000184
2018-12-04,3.390598075888462,1.032068454635521,0.02272490995342342,-0.0008252598673615941
2018-12-05,3.389628926873634,1.021178492997834,0.0,-0.0011108582170825665
2018-12-06,3.3899090614956893,0.9996295046728707,0.0,-0.0010283053954477372
2018-12-07,3.3901892192693666,1.0006682163907787,0.0,-0.0009457457512654921
2018-12-10,3.3904694001965794,0.9886367887380935,0.0,-0.0008631792839720598
2018-12-11,3.39074960427924,0.9997005035879342,0.0,-0.0007806059930038911
2018-12-12,3.391029831519263,0.9995555081355125,0.0,-0.0006980258777967707
2018-12-13,3.391310081918562,1.0094609795064973,0.0,-0.0006154389377867053
2018-12-14,3.391590355479051,0.9818372491947273,0.0,-0.0005328451724097016
2018-12-17,3.3918706522026443,0.9839374541845027,0.0,-0.0004502445811015443
2018-12-18,3.3921509720912564,0.9761650524017934,0.0,-0.00036763716329824003
2018-12-19,3.392431315146801,0.9638342297515416,0.0,-0.0002850229184357955
2018-12-20,3.3927116813711935,0.9698372214524377,0.0,-0.00020240184594966237
2018-12-21,3.392992070766348,0.961177693287381,0.0,-0.00011977394527584728
2018-12-24,3.3932724833341803,0.9701097402876008,0.0,-3.713921584969082e-05
2018-12-25,3.3935529190766043,0.9612247670611078,0.0,0.0
2018-12-26,3.393833377995536,0.9579188208423294,0.0,0.0
2018-12-27,3.394113860092891,0.9413990892039442,0.0,0.0
2018-12-28,3.3943943653705846,0.9410936049356071,0.0,0.0
2019-01-02,3.3945346296005554,0.937563665473355,0.4999793396967071,0.0
2019-01-03,3.3548149482353704,0.9264177385451158,0.49401747967344833,-0.011701068246241175
2019-01-04,3.422283044705465,0.9522112579628547,0.5039516054118404,0.0
2019-01-07,3.4256579854916023,0.9713682890575506,0.5043993544154437,0.0
2019-01-08,3.428470931232272,0.9691363302096673,0.5047650530449949,0.0
2019-01-09,3.4378025415048827,0.9733583618892647,0.5060685069997467,0.0
2019-01-10,3.42100768441199,0.9714004766287951,0.5036026129083907,-0.004885346639350807
2019-01-11,3.4172171486142564,0.9790633905518854,0.5030109158132314,-0.00598795091983817
2019-01-14,3.3969488392106397,0.9718555136454773,0.5000042513018005,-0.0118836674884647
2019-01-15,3.4477969974832305,0.9839801636172499,0.5073374830409803,0.0
2019-01-16,3.4598096296552545,0.9803794993400228,0.5090074574111605,0.0
2019-01-17,3.4582385448124895,0.9710378217314709,0.5087438021643138,-0.0004540957483032404
2019-01-18,3.5235178981318747,0.9766450447336438,0.5178053379457949,0.0
2019-01-21,3.527048433522265,0.983530575209048,0.5182481984131377,0.0
2019-01-22,3.487039614626255,0.9728688847170996,0.512680510822938,-0.011343427698852215
2019-01-23,3.4716777980623688,0.9755186947062017,0.5104837197448947,-0.0156988588343826
2019-01-24,3.4769865889346825,0.9803739640248912,0.5111907370655676,-0.014193693546076025
2019-01-25,3.4728119701570406,0.9722565652821821,0.5105627002549831,-0.015377294751538595
2019-01-28,3.442520419825452,0.9643164619114257,0.5062152205574508,-0.02396565153271779
2019-01-29,3.4340039045239767,0.9456989450654077,0.5049496977467391,-0.026380281062761024
2019-01-30,3.404795243968873,0.9297611142738837,0.0,-0.034661613487202536
2019-01-31,3.4050766320055645,0.9153210072819621,0.0,-0.034581833455259336
2019-02-01,3.405358043297466,0.942013452445876,0.0,-0.03450204682992497
2019-02-11,3.4056394778464987,0.9706396945081703,0.0,-0.034422253610654874
2019-02-12,3.4059209356545854,0.9841153329702178,0.0,-0.034342453796903594
2019-02-13,3.406202416723648,1.0036831408283426,0.0,-0.034262647388126455
2019-02-14,3.406483921055609,1.009806350232527,0.0,-0.03418283438377823
2019-02-15,3.40676544865239,1.0061550802069326,0.0,-0.034103014783314234
2019-02-18,3.4070469995159147,1.0441636872434092,0.0,-0.03402318858618891
2019-02-19,3.407328573648106,1.04866198680931,0.0,-0.033943355791857255
2019-02-20,3.4076101710508873,1.0500617870210875,0.0,-0.03386351639977381
2019-02-21,3.4078917917261804,1.048098986420699,0.0,-0.033783670409393673
2019-02-22,3.4081734356759097,1.0753385542116338,0.0,-0.0337038178201714
2019-02-25,3.4084551029019985,1.1347965525937267,0.0,-0.033623958631561535
2019-02-26,3.408736793406371,1.1314337756838644,0.0,-0.033544092843018514
2019-02-27,3.4090185071909502,1.1279872550922982,0.0,-0.03346422045399722
2019-02-28,3.4093002442576603,1.1310549450113427,0.0,-0.03338434146395208
2019-03-01,3.4095820046084255,1.1395857290967366,0.0,-0.033304455872337546
2019-03-04,3.4098637882451697,1.1625638813768302,0.0,-0.03322456367860804
2019-03-05,3.4101455951698183,1.1963938775848968,0.0,-0.03314466488221779
2019-03-06,3.4104274253842948,1.2213192554693442,0.0,-0.03306475948262133
2019-03-07,3.410709278890525,1.2405015927715481,0.0,-0.03298484747927277
2019-03-08,3.410991155690433,1.1843152619559056,0.0,-0.03290492887162655
2019-03-11,3.4112730557859448,1.2355652456066228,0.0,-0.03282500365913654
2019-03-12,3.4115549791789848,1.2600692573215169,0.0,-0.03274507184125719
2019-03-13,3.411836925871479,1.2350944249622262,0.0,-0.03266513341744237
2019-03-14,3.4121188958653526,1.2001100112482732,0.0,-0.0325851883871463
2019-03-15,3.4124008891625315,1.2185236774361299,0.0,-0.032505236749822974
2019-03-18,3.412682905764942,1.2472058249909308,0.0,-0.03242527850492616
2019-03-19,3.412964945674509,1.2522875083692653,0.0,-0.03234531365191007
2019-03-20,3.4132470088931597,1.2527653683777338,0.0,-0.032265342190228474
2019-03-21,3.413529095422821,1.2672707363312898,0.0,-0.032185364119334925
2019-03-22,3.413811205265418,1.2737906476273533,0.0,-0.032105379438683634
2019-03-25,3.4140933384228775,1.261084612634684,0.0,-0.03202538814772826
2019-03-26,3.4143754948971274,1.2272640551832157,0.0,-0.031945390245922245
2019-03-27,3.414657674690094,1.2369908981140567,0.0,-0.031865385732719465
2019-03-28,3.414939877803705,1.2200124329335402,0.0,-0.03178537460757336
2019-03-29,3.415222104239887,1.2538604757137284,0.0,-0.031705356869937695
2019-04-01,3.415504354000568,1.300028360489625,0.0,-0.0316253325192658
2019-04-02,3.4157866270876753,1.3074351456745348,0.0,-0.03154530155501112
2019-04-03,3.416068923503137,1.3220769537900487,0.0,-0.0314652639766273
2019-04-04,3.416351243248881,1.3275075161772292,0.0,-0.03138521978356745
2019-04-08,3.4166335863268356,1.3235614443823682,0.0,-0.031305168975285125
2019-04-09,3.4169159527389286,1.3294685779470419,0.0,-0.03122511155123353
2019-04-10,3.417198342487089,1.3275723785066158,0.0,-0.031145047510865886
2019-04-11,3.4174807555732447,1.303718735888565,0.0,-0.031064976853635407
2019-04-12,3.417763191999325,1.3029247710564755,0.0,-0.030984899578995195
2019-04-15,3.418045651767259,1.292472741226462,0.0,-0.030904815686398468
2019-04-16,3.4183281348789754,1.3196891209022168,0.0,-0.030824725175298107
2019-04-17,3.4186106413364032,1.3304957703795535,0.0,-0.030744628045147326
2019-04-18,3.4188931711414723,1.3222133773762428,0.0,-0.03066452429539901
2019-04-19,3.419175724296112,1.3321888118115703,0.0,-0.03058441392550615
2019-04-22,3.419458300802252,1.314787976108811,0.0,-0.030504296934921515
2019-04-23,3.4197409006618225,1.2913123436044451,0.0,-0.03042417332309799
2019-04-24,3.4200235238767536,1.305047243250322,0.0,-0.030344043089488126
2019-04-25,3.420306170448975,1.2517140049948088,0.0,-0.030263906233545135
2019-04-26,3.4205888403804168,1.2361110290462436,0.0,-0.030183762754721455
2019-04-29,3.4208715336730107,1.192560051005533,0.0,-0.030103612652469747
2019-04-30,3.421154250328686,1.2055494981260177,0.0,-0.03002345592624267
2019-05-06,3.421154250328686,1.1133948909966194,1.0,-0.03002345592624267
2019-05-07,3.49948662231641,1.1307260817116378,1.0,-0.007814412454305475
2019-05-08,3.5212546538642653,1.1286408596819821,1.0,-0.0016426708527542688
2019-05-09,3.4885906512485874,1.1186039742058693,1.0,-0.010903672858065039
2019-05-10,3.661154870020775,1.1611157571487545,1.0,0.0
2019-05-13,3.5671610395381963,1.1542180934183406,1.0,-0.025673273548803888
2019-05-14,3.603242970373271,1.146533495841796,1.0,-0.01581793223818906
2019-05-15,3.693601945250935,1.1735587915204455,1.0,0.0
2019-05-16,3.652740052061828,1.1814824773499322,1.0,-0.011062884900644332
2019-05-17,3.518113593704483,1.1395273705754363,1.0,-0.04751144117521566
2019-05-20,3.5609799267721662,1.1361431171826835,1.0,-0.035905877364313166
2019-05-21,3.6752877640562844,1.1572327880025612,1.0,-0.00495835270451872
2019-05-22,3.6926118446273755,1.1514170232748435,1.0,-0.0002680582905888462
2019-05-23,3.594548262174112,1.1247540461862993,1.0,-0.026817638864464532
2019-05-24,3.4986819422286377,1.1144712553116136,1.0,-0.052772336031747136
2019-05-27,3.64623908381564,1.1475543973655813,1.0,-0.012822946851701711
2019-05-28,3.6653397124946543,1.1504897420506461,1.0,-0.007651672588222191
2019-05-29,3.6670053853832516,1.155493162301396,1.0,-0.007200710921727804
2019-05-30,3.6067563198107155,1.1479038922986013,1.0,-0.023512448479155013
2019-05-31,3.5767590800303983,1.1479689487969007,1.0,-0.03163385414900155
2019-06-03,3.5122909388879076,1.131579317278949,0.0,-0.04908785761176804
2019-06-04,3.512581210866328,1.1129189873489558,0.0,-0.04900926983140541
2019-06-05,3.512871506834168,1.1145724744694503,0.0,-0.04893067555618491
2019-06-06,3.5131618267934104,1.085675514369789,0.0,-0.048852074785569743
2019-06-10,3.513452170746038,1.1007333831981667,0.0,-0.048773467519023006
2019-06-11,3.5137425386940335,1.1437767961101142,0.0,-0.04869485375600813
2019-06-12,3.5140329306393805,1.139345626554871,0.0,-0.04861623349598787
2019-06-13,3.5143233465840615,1.1450092846872038,0.0,-0.048537606738425554
2019-06-14,3.51461378653006,1.1169807545140105,0.0,-0.04845897348278416
2019-06-17,3.51490425047936,1.1167161600477302,0.0,-0.04838033372852657
2019-06-18,3.515194738433945,1.1152619822608263,0.0,-0.04830168747511576
2019-06-19,3.515485250395799,1.133428395591578,0.0,-0.04822303472201439
2019-06-20,3.515775786366906,1.1528464327667642,0.0,-0.048144375468685774
2019-06-21,3.5160663463492505,1.1731055264054797,0.0,-0.04806570971459223
2019-06-24,3.516356930344817,1.1724150888235123,0.0,-0.047987037459196635
2019-06-25,3.5166475383555893,1.1603341833539242,0.0,-0.04790835870196186
2019-06-26,3.5169381703835523,1.1576128214564163,0.0,-0.04782967344235045
2019-06-27,3.5172288264306912,1.168105864424456,0.0,-0.047750981679825055
2019-06-28,3.5175195064989913,1.1514845660929718,0.0,-0.047672283413848215
2019-07-01,3.517810210590438,1.1880412166127317,0.0,-0.04759357864388236
2019-07-02,3.5181009387070157,1.1862544904757777,0.0,-0.047514867369390035
2019-07-03,3.5183916908507107,1.174018769811904,0.0,-0.047436149589833776
2019-07-04,3.5186824670235084,1.1674787457592641,0.0,-0.047357425304675904
2019-07-05,3.518973267227395,1.1718562181456622,0.0,-0.04727869451337863
2019-07-08,3.5192640914643554,1.1303446769212615,0.0,-0.04719995721540471
2019-07-09,3.519554939736377,1.1349515225295563,0.0,-0.04712121341021591
2019-07-10,3.519845812045446,1.1259443101314897,0.0,-0.04704246309727467
2019-07-11,3.520136708393549,1.1253692913558764,0.0,-0.04696370627604296
2019-07-12,3.5204276287826723,1.1273629295044965,0.0,-0.04688494294598322
2019-07-15,3.5207185732148036,1.1401771192114307,0.0,-0.0468061731065571
2019-07-16,3.5210095416919285,1.1432590934972842,0.0,-0.046727396757227146
2019-07-17,3.521300534216035,1.144668215870353,0.0,-0.046648613897455116
2019-07-18,3.5215915507891107,1.1232345099979197,0.0,-0.046569824526702885
2019-07-19,3.521882591413143,1.1294999765729181,0.0,-0.04649102864443222
2019-07-22,3.522173656090119,1.0966432705150644,0.0,-0.04641222625010544
2019-07-23,3.5224647448220274,1.112647524831071,0.0,-0.04633341734318397
2019-07-24,3.522755857610856,1.1276538185145393,0.0,-0.04625460192312947
2019-07-25,3.5230469944585923,1.1327475867085468,0.0,-0.04617577998940425
2019-07-26,3.523338155367225,1.13318308783248,0.0,-0.04609695154146953
2019-07-29,3.523629340338743,1.1342800383539204,0.0,-0.04601811657878696
2019-07-30,3.523920549375135,1.1389865772841563,0.0,-0.04593927510081819
2019-07-31,3.524211782478389,1.1319842177307533,0.0,-0.04586042710702498
2019-08-01,3.524503039650495,1.1273931210326849,0.0,-0.045781572596868325
2019-08-02,3.5247943208934416,1.1108992979207744,0.0,-0.045702711569810206
2019-08-05,3.525085626209218,1.0984639495222124,0.0,-0.04562384402531183
2019-08-06,3.5252312909045167,1.0730840668725494,0.4999793396967064,-0.04558440699407296
2019-08-07,3.5105178927808236,1.067577802046286,0.49784213942940514,-0.04956788933510081
2019-08-08,3.515401758145392,1.0763395648737677,0.49849833259547494,-0.04824563928299441
2019-08-09,3.5022936504699724,1.0629367538863694,0.49657975027775986,-0.05179450780475625
2019-08-12,3.519701220793374,1.0842816257147585,0.49902814291218806,-0.047081609506177124
2019-08-13,3.501255528330948,1.0793499793685648,0.49634724812187897,-0.05207556736515617
2019-08-14,3.5034007750915253,1.0859565764870636,0.49661405245109463,-0.05149476662041552
2019-08-15,3.5120068986990107,1.0917252544323806,0.4978060924506181,-0.049164758207205006
2019-08-16,3.51023121130184,1.0969615438359004,0.49751052775401694,-0.049645505029274895
2019-08-19,3.568879641188406,1.13373258658693,0.5057272367644751,-0.03376712106806512
2019-08-20,3.5694764944390256,1.1363622451954245,0.505769042105269,-0.03360552995471111
2019-08-21,3.5842460033784063,1.1373283589079886,0.5077649294889809,-0.02960685625941195
2019-08-22,3.5816272410261147,1.1414498896222105,0.5073643138479865,-0.030315855873097597
2019-08-23,3.579561206081374,1.1367349995563247,0.5070392394190808,-0.030875210935003228
2019-08-26,3.554136608876385,1.1298308730043327,0.503471801389969,-0.037758626522781724
2019-08-27,3.5903207247772237,1.1495362825460802,0.508435310189528,-0.027962195711561555
2019-08-28,3.5824311439354446,1.145140182065588,0.5073120236205056,-0.0300982084597472
2019-08-29,3.570860148022585,1.145399860611378,0.5056746702092334,-0.033230921752725906
2019-08-30,3.5502911857855826,1.1294065097364903,0.502769657622823,-0.03879973034171014
2019-09-02,3.587246995817886,1.158961548752085,0.5078514533567792,-0.02879437227116355
2019-09-03,3.5809618760324198,1.1685084652454212,0.0,-0.03049599574836226
2019-09-04,3.5812578232949015,1.178790511738288,0.0,-0.030415871450490295
2019-09-05,3.581553795015835,1.1916513741865906,0.0,-0.03033574053077548
2019-09-06,3.581849791197241,1.1981334512993917,0.0,-0.030255602988670693
2019-09-09,3.5821458118411416,1.2265351694508997,0.0,-0.030175458823628376
2019-09-10,3.582441856949558,1.2279256546265065,0.0,-0.03009530803510141
2019-09-11,3.5827379265245125,1.2185824887468257,0.0,-0.030015150622542452
2019-09-12,3.583034020568027,1.2262549931706723,0.0,-0.029934986585403833
2019-09-16,3.5833301390821237,1.2314636633665923,0.0,-0.02985481592313799
2019-09-17,3.5836262820688245,1.2031461846291378,0.0,-0.029774638635197914
2019-09-18,3.5839224495301525,1.2042599072914375,0.0,-0.02969445472103549
2019-09-19,3.5842186414681305,1.2181864217579002,0.0,-0.029614264180103267
2019-09-20,3.5845148578847805,1.2183368545519577,0.0,-0.029534067011853793
2019-09-23,3.5848110987821262,1.208743534603774,0.0,-0.029453863215739062
2019-09-24,3.5851073641621913,1.211516063838893,0.0,-0.02937365279121129
2019-09-25,3.585403654026998,1.1871430054069123,0.0,-0.029293435737723028
2019-09-26,3.5855518112027807,1.150284845123531,0.499979339696707,-0.02925332389622559
2019-09-27,3.63726382449454,1.160527125981774,0.5070475389948842,-0.015252894489302449
2019-09-30,3.6578747024623817,1.145394179831085,0.5097846478809255,-0.00967273770106436
2019-10-08,3.732503456495335,1.1469181172078522,0.5195464518414978,0.0
2019-10-09,3.746117101738178,1.1585768237054797,0.5212528902221593,0.0
2019-10-10,3.792606420516157,1.174732785134249,0.5270822345150504,0.0
2019-10-11,3.769973136435915,1.1760994973754808,0.5242037225476128,-0.0059677386922637465
2019-10-14,3.775692658718198,1.1956546542849475,0.5248852092933552,-0.00445966702647127
2019-10-15,3.772600400092169,1.1788888177044703,0.5244564777030284,-0.005275005683628375
2019-10-16,3.7450533085746436,1.1727824545961696,0.5209189824394167,-0.012538372472364778
2019-10-17,3.7507534575253487,1.1716249607497868,0.5216075250278636,-0.01103540899060984
2019-10-18,3.7561323756154033,1.1553946570575073,0.5222531204902915,-0.009617144743374162
2019-10-21,3.8463728305652403,1.1491824762629526,0.5334230703300678,0.0
2019-10-22,3.850885206517484,1.1634287717802685,0.5339312792172426,0.0
2019-10-23,3.8554128551366627,1.1537545360931636,0.5344401395609675,0.0
2019-10-24,3.8892948507413165,1.1511773986632823,0.5384577717531174,0.0
2019-10-25,3.9764574218605104,1.1580060190512147,0.5485373098530744,0.0
2019-10-28,3.9954952225382,1.1835918908067034,0.5506513134420686,0.0
2019-10-29,4.059535679734829,1.1652012586274412,0.5577033804410116,0.0
2019-10-30,4.045365992705791,1.1510253201132503,0.5561174683932198,-0.003490469882990066
2019-10-31,3.9466346621787487,1.1389410482090174,0.0,-0.027811313032591656
2019-11-01,3.9469608303326478,1.15116215033014,0.0,-0.027730966860115003
2019-11-04,3.9472870254425927,1.158159629301217,0.0,-0.027650614047458832
2019-11-05,3.947613247510811,1.161919279016981,0.0,-0.02757025459407436
2019-11-06,3.9479394965395307,1.1508284255119614,0.0,-0.027489888499412696
2019-11-07,3.948102634535252,1.1603993264173913,0.4999793396967071,-0.027449702131169817
2019-11-08,3.9501388462967886,1.156927342805881,0.5001957868912453,-0.026948114776807697
2019-11-11,3.9063857134956246,1.1287735726713357,0.4945560045736894,-0.03772598107801528
2019-11-12,3.8814895817190664,1.133044552057231,0.49127201308177804,-0.04385873460961731
2019-11-13,3.902386142417339,1.1289896737371636,0.4939543394695855,-0.0387112097824337
2019-11-14,3.901664890605076,1.1377578714507637,0.49381896347399945,-0.03888887833104715
2019-11-15,3.903199464529837,1.1230108250867812,0.49397615587938964,-0.038510861226179305
2019-11-18,3.9049024066758067,1.131733891178811,0.49415503280428896,-0.03809136937284485
2019-11-19,3.9347584754285423,1.152887883375391,0.497951783310159,-0.030736816756944285
2019-11-20,3.999981313550899,1.1440888514367724,0.5060972589098186,-0.014670240855678363
2019-11-21,3.972580683532498,1.141248053216994,0.5026494952933035,-0.021419936431747444
2019-11-22,3.9813386598881855,1.1257910135425144,0.5037025324636043,-0.019262552670001654
2019-11-25,3.9811948419919334,1.1144141243785581,0.5036435862612595,-0.019297979848772462
2019-11-26,3.979038311798834,1.1135617875420443,0.5033335312049918,-0.01982920567439206
2019-11-27,3.9739891267127083,1.114280710017065,0.5026613885056258,-0.02107298956606496
2019-11-28,3.961152040971567,1.1107269291660324,0.501008405060316,-0.024235194989021158
2019-11-29,3.9449841774373846,1.1104849875944662,0.49892196276026446,-0.028217882865098187
2019-12-02,3.922877734671229,1.113323698036368,0.4960566121015526,-0.03366344228621887
2019-12-03,3.962815217106399,1.119538719873792,0.5010941544188015,-0.0238254988399923
2019-12-04,4.045843617881562,1.1202814081992634,0.5112922648846083,-0.0033728147584998203
2019-12-05,4.031364062061481,1.1349857771053808,0.4999793396967067,-0.006939615733390414
2019-12-06,4.044192177118369,1.1442890187831416,0.5015242045578066,-0.0037796200912962874
2019-12-09,4.047267035547117,1.1499320544337306,0.501861750004146,-0.0030221791740756565
2019-12-10,4.050312223643218,1.1591467470578118,0.5021951329342214,-0.0022720470564292494
2019-12-11,4.047196249393737,1.154947867246354,0.5017706957377832,-0.003039616181399696
2019-12-12,4.05824107140021,1.1552745326282556,0.5030856020324695,-0.0003189055194370294
2019-12-13,4.063627320324108,1.1696782510760682,0.5037032383010372,0.0
2019-12-16,4.088443917958026,1.192731675635067,0.5066749611584177,0.0
2019-12-17,4.119376706013335,1.208541210334438,0.5103389208715627,0.0
2019-12-18,4.118333614910367,1.2119944472947755,0.5101744214576895,-0.0002532157599097751
2019-12-19,4.144923631056331,1.2156362501247395,0.5132764699051149,0.0
2019-12-20,4.12056460831528,1.202069231732508,0.5103587048445092,-0.005876832701702472
2019-12-23,4.059580707378612,1.1750126158420386,0.5029621331076937,-0.02058974574061556
2019-12-24,4.084523590350054,1.194813444441428,0.5059565581881217,-0.014572051521944185
2019-12-25,4.078936762640729,1.202933130967658,0.5052389920653845,-0.01591992381263374
2019-12-26,4.082873270167464,1.2136156936793219,0.5056751666130003,-0.014970206066994285
2019-12-27,4.072009850694783,1.2037903232385063,0.5043154309940234,-0.017591103444037803
2019-12-30,4.083098118951791,1.211177028055146,0.5056206827214476,-0.014915959281204816
2019-12-31,4.11622189623042,1.2177547853977144,0.5095584888990929,-0.006924550940060725
2020-01-02,4.176927201079581,1.244282637406598,0.5166463694975262,0.0
2020-01-03,4.175211138533262,1.250749399949483,0.0,-0.0004108432978853216
2020-01-06,4.175556197305041,1.2619171008958852,0.0,-0.0003282326237779021
2020-01-07,4.175901284594074,1.2794395866997486,0.0,-0.0002456151223418912
2020-01-08,4.176246400402719,1.2622995987853123,0.0,-0.00016299079301307362
2020-01-09,4.176591544733331,1.282746750505556,0.0,-8.035963522734502e-05
2020-01-10,4.1769367175882675,1.2794649390258896,0.0,0.0
2020-01-13,4.177281918969887,1.2964019602056283,0.0,0.0
2020-01-14,4.177627148880545,1.2953449481179349,0.0,0.0
2020-01-15,4.177972407322601,1.2917172393456022,0.0,0.0
2020-01-16,4.178317694298412,1.289559153718034,0.0,0.0
2020-01-17,4.178663009810338,1.2868254716836574,0.0,0.0
2020-01-20,4.179008353860736,1.3009859223744689,0.0,0.0
2020-01-21,4.179353726451964,1.284533696160618,0.0,0.0
2020-01-22,4.179699127586381,1.2890516768904943,0.0,0.0
2020-01-23,4.180044557266347,1.2433849529088223,0.0,0.0
2020-02-03,4.180217286380284,1.1340114661150067,0.4999793396967068,0.0
2020-02-04,4.2600272812581785,1.1365448172055423,0.5093064872301006,0.0
2020-02-05,4.353153734004269,1.169763955771514,0.5197641442176749,0.0
2020-02-06,4.4299228276144795,1.2047510781096504,0.5280474712309399,0.0
2020-02-07,4.450965665393845,1.2195057090669397,0.5302399020458459,0.0
2020-02-10,4.487410389940712,1.236793781711048,0.5340165739788694,0.0
2020-02-11,4.480972752320409,1.2287713074882978,0.5333085475320261,-0.0014345997047059411
2020-02-12,4.514772338265868,1.2520641982585508,0.5367641257149666,0.0
2020-02-13,4.490760858523746,1.2412926437344716,0.5342487786468141,-0.005318425369671087
2020-02-14,4.472826009599494,1.2446606595461822,0.5323425932942933,-0.009290906722106418
2020-02-17,4.54909210669935,1.2889247834736766,0.5401449266914654,0.0
2020-02-18,4.596854823387892,1.3127381224765433,0.5448853507892745,0.0
2020-02-19,4.605899033071173,1.302768043315913,0.545741481545867,0.0
2020-02-20,4.71122117021917,1.3274713206313833,0.5558599967834639,0.0
2020-02-21,4.7189673192702015,1.344131202993555,0.5565524036958618,0.0
2020-02-24,4.692355589875317,1.3667577311094141,0.5540006254750572,-0.0056393120770754646
2020-02-25,4.659192940643145,1.3697094408919712,0.5507890223790991,-0.012666834623533907
2020-02-26,4.646264837105982,1.3388870920088918,0.5495018770720408,-0.015406439003579075
2020-02-27,4.662004891098968,1.3407178571745884,0.5509857619441723,-0.012070952036184579
2020-02-28,4.484016432407702,1.266928791038659,0.5331240181453678,-0.04978862343527213
2020-03-02,4.578551050862815,1.3208245216398484,0.0,-0.029755719611362363
2020-03-03,4.5789294435116465,1.3374360537025065,0.0,-0.02967553413364432
2020-03-04,4.579307867432599,1.3465937966665302,0.0,-0.02959534202902714
2020-03-05,4.579686322628254,1.370158513712818,0.0,-0.029515143296963586
2020-03-06,4.580064809101198,1.3650851250812401,0.0,-0.029434937936905547
2020-03-09,4.580443326854017,1.3163649286540973,0.0,-0.029354725948305127
2020-03-10,4.580821875889293,1.346741083048537,0.0,-0.029274507330615096
2020-03-11,4.581200456209615,1.3315384554725906,0.0,-0.029194282083286893
2020-03-12,4.581579067817566,1.3053755517232246,0.0,-0.029114050205773068
2020-03-13,4.581957710715733,1.289603626244192,0.0,-0.029033811697525613
2020-03-16,4.582336384906702,1.2341051296630339,0.0,-0.028953566557996413
2020-03-17,4.582715090393058,1.230874275350079,0.0,-0.02887331478663757
2020-03-18,4.583093827177387,1.2104325026488925,0.0,-0.028793056382901083
2020-03-19,4.583472595262277,1.2213523941136617,0.0,-0.02871279134623861
2020-03-20,4.583851394650316,1.2371943803127647,0.0,-0.02863251967610181
2020-03-23,4.583851394650317,1.1862279932682616,0.9999999999999998,-0.028632519676101587
2020-03-24,4.530042789622199,1.2090210783370092,0.9999999999999998,-0.040035142620402864
2020-03-25,4.78667056173387,1.2388340174512555,0.9999999999999998,0.0
2020-03-26,4.649834521083722,1.2258649164454039,0.9999999999999998,-0.02858689330827524
2020-03-27,4.523262248643659,1.2189349202240924,0.9999999999999998,-0.05502954709187191
2020-03-30,4.392461069906622,1.1917070298920807,0.9999999999999998,-0.08235567640244168
2020-03-31,4.339559700463933,1.1917413160634336,0.9999999999999998,-0.09340748553791867
2020-04-01,4.482994333208622,1.1851186927442259,0.9999999999999998,-0.06344205739850362
2020-04-02,4.829846639182242,1.2136298667429886,0.9999999999999998,0.0
2020-04-03,4.790295920038438,1.2065873097466036,0.9999999999999998,-0.008188814697126845
2020-04-07,4.940675906141874,1.2477628799218672,0.9999999999999998,0.0
2020-04-08,4.971035539292552,1.251317622866577,0.9999999999999998,0.0
2020-04-09,4.955999846123036,1.2636314455638469,0.9999999999999998,-0.0030246601639978277
2020-04-10,4.708441374522432,1.2304836199847924,0.9999999999999998,-0.05282484156359302
2020-04-13,4.510767686847026,1.2193644302699453,0.9999999999999998,-0.0925899339900974
2020-04-14,4.774904928527144,1.2445070604883912,0.9999999999999998,-0.03945467885214904
2020-04-15,4.857447497025981,1.2374436696332105,0.9999999999999998,-0.022849975899133512
2020-04-16,4.856564876297411,1.2448538471904784,0.9999999999999998,-0.02302752858842594
2020-04-17,4.989672515239476,1.2452895323494855,0.9999999999999998,0.0
2020-04-20,4.999122827874354,1.2623744815744546,0.9999999999999998,0.0
2020-04-21,4.858745455043968,1.2568257750252454,0.0,-0.02808040083505514
2020-04-22,4.859147004255129,1.27015535368326,0.0,-0.028000076901239734
2020-04-23,4.859548586652175,1.2634911256005705,0.0,-0.027919746329082784
2020-04-24,4.859950202237849,1.2381154964860885,0.0,-0.027839409118035507
2020-04-27,4.860351851014893,1.2304087398913772,0.0,-0.027759065267549565
2020-04-28,4.860753532986052,1.209378675005629,0.0,-0.02767871477707562
2020-04-29,4.861155248154066,1.2071075466866152,0.0,-0.027598357646065663
2020-04-30,4.861556996521683,1.2361671039402173,0.0,-0.027517993873970137
2020-05-06,4.861958778091644,1.2619813042026977,0.0,-0.02743762346024059
2020-05-07,4.862360592866692,1.2601345723133472,0.0,-0.02735724640432835
2020-05-08,4.862762440849575,1.2750428809648096,0.0,-0.02727686270568397
2020-05-11,4.863164322043033,1.2760585457439853,0.0,-0.027196472363758772
2020-05-12,4.863566236449813,1.2775007310313273,0.0,-0.027116075378003868
2020-05-13,4.86396818407266,1.2861948055000392,0.0,-0.027035671747869805
2020-05-14,4.864370164914319,1.274977226358778,0.0,-0.02695526147280769
2020-05-15,4.864772178977535,1.2791668963934717,0.0,-0.026874844552268184
2020-05-18,4.865174226265054,1.272414565447116,0.0,-0.026794420985702172
2020-05-19,4.865576306779621,1.2892182588128063,0.0,-0.026713990772560647
2020-05-20,4.865978420523984,1.2769928891518816,0.0,-0.026633553912293717
2020-05-21,4.866380567500887,1.260399787669841,0.0,-0.026553110404352598
2020-05-22,4.866581657606982,1.236361330207227,0.4999793396967066,-0.026512885326270053
2020-05-25,4.869355373166253,1.2329247721642862,0.5002228644077725,-0.02595804487630049
2020-05-26,4.90496032120271,1.2621349187435187,0.5038097263689215,-0.01883580578308819
2020-05-27,4.89577570223356,1.2550296428515175,0.5028377744544179,-0.0206730518931334
2020-05-28,4.877210199599837,1.2505351034469654,0.5009040412724994,-0.02438680393983328
2020-05-29,4.9009898213866805,1.2606085098310396,0.5032846093504116,-0.01963004508320909
2020-06-01,4.981291787276514,1.3019989490447124,0.5112516255805118,-0.003566833865016661
2020-06-02,4.984387735419647,1.3049613840429601,0.5115148340674559,-0.0029475355901531497
2020-06-03,5.015320153694499,1.3060296175044117,0.5144874866439836,0.0
2020-06-04,5.017298898130239,1.3084138115702486,0.5146388560307795,0.0
2020-06-05,5.005193318617361,1.3085049130111033,0.5134247502226655,-0.00241276825612069
2020-06-08,4.985212134329407,1.3067696095391121,0.5114341382969939,-0.006395226685177113
2020-06-09,5.010124212810461,1.3138122464639985,0.5138232809522456,-0.0014299896150200553
2020-06-10,5.009222111180874,1.3127443728439832,0.51369553914787,-0.0016097878785684694
2020-06-11,5.0047850898930095,1.309319898889129,0.5132241770213906,-0.0024941324986423874
2020-06-12,5.007208536834556,1.3109741095183962,0.5134195625014645,-0.0020111142470390364
2020-06-15,5.053663161457145,1.3088179890866924,0.5178524965300517,0.0
2020-06-16,5.078657899424223,1.3353586105476747,0.520185746362808,0.0
2020-06-17,5.092865522843797,1.341915518716512,0.5214847460592876,0.0
2020-06-18,5.092833320477058,1.3393693147795955,0.5214421734062189,-6.323034958399809e-06
2020-06-19,5.118634595833678,1.3487718550353303,0.0,0.0
2020-06-22,5.119057623486226,1.3545735121644782,0.0,0.0
2020-06-23,5.119480686099736,1.356612865115164,0.0,0.0
2020-06-24,5.119903783677101,1.354076254246363,0.0,0.0
2020-06-29,5.120326916221207,1.3475742113523184,0.0,0.0
2020-06-30,5.1207500837349444,1.371743385901748,0.0,0.0
2020-07-01,5.121173286221204,1.3798320409613545,0.0,0.0
2020-07-02,5.121596523682875,1.3991903599339857,0.0,0.0
2020-07-03,5.122019796122849,1.4151772895287345,0.0,0.0
2020-07-06,5.122443103544016,1.4746081319362923,0.0,0.0
2020-07-07,5.122866445949268,1.494574933265767,0.0,0.0
2020-07-08,5.123289823341494,1.5290661749066792,0.0,0.0
2020-07-09,5.1237132357235895,1.5722047502534846,0.0,0.0
2020-07-10,5.124136683098443,1.5639134719678123,0.0,0.0
2020-07-13,5.124560165468946,1.6187393356626016,0.0,0.0
2020-07-14,5.124983682837993,1.6077137164878794,0.0,0.0
2020-07-15,5.125407235208476,1.5631130441453853,0.0,0.0
2020-07-16,5.1258308225832865,1.4868747906487758,0.0,0.0
2020-07-17,5.126254444965317,1.489238440630326,0.0,0.0
2020-07-20,5.126678102357463,1.5421943173310035,0.0,0.0
2020-07-21,5.127101794762616,1.5495074163166338,0.0,0.0
2020-07-22,5.127525522183671,1.559144782594166,0.0,0.0
2020-07-23,5.12794928462352,1.555954379052367,0.0,0.0
2020-07-24,5.1283730820850595,1.4871407017940579,0.0,0.0
2020-07-27,5.128796914571183,1.4880534685799738,0.0,0.0
2020-07-28,5.129220782084784,1.5044665439841,0.0,0.0
2020-07-29,5.129644684628758,1.5446668145733133,0.0,0.0
2020-07-30,5.130068622205999,1.543506593351412,0.0,0.0
2020-07-31,5.130492594819405,1.5639881015401298,0.0,0.0
2020-08-03,5.13091660247187,1.61264979670764,0.0,0.0
2020-08-04,5.131340645166288,1.6024525351233296,0.0,0.0
2020-08-05,5.131764722905558,1.6192364361801048,0.0,0.0
2020-08-06,5.132188835692576,1.6166961620384093,0.0,0.0
2020-08-07,5.132612983530236,1.5960698550777523,0.0,0.0
2020-08-10,5.133037166421437,1.6073016006062437,0.0,0.0
2020-08-11,5.133461384369075,1.5762716163152048,0.0,0.0
2020-08-12,5.133885637376048,1.562512598829773,0.0,0.0
2020-08-13,5.134309925445252,1.5703626382307794,0.0,0.0
2020-08-14,5.134734248579586,1.5834368129444447,0.0,0.0
2020-08-17,5.135158606781948,1.6166683741689842,0.0,0.0
2020-08-18,5.135583000055236,1.6302392932481127,0.0,0.0
2020-08-19,5.1360074284023485,1.6036255013290008,0.0,0.0
2020-08-20,5.1364318918261835,1.5841227319090605,0.0,0.0
2020-08-21,5.1368563903296405,1.5943806330580346,0.0,0.0
2020-08-24,5.137280923915617,1.606861610628116,0.0,0.0
2020-08-25,5.137705492587015,1.603975181240461,0.0,0.0
2020-08-26,5.138130096346734,1.5696169529343686,0.0,0.0
2020-08-27,5.138554735197672,1.5891164313277975,0.0,0.0
2020-08-28,5.138979409142729,1.6066744453171669,0.0,0.0
2020-08-31,5.139404118184807,1.6095892562089857,0.0,0.0
2020-09-01,5.139828862326806,1.6203363366591572,0.0,0.0
2020-09-02,5.1402536415716265,1.6303154509621174,0.0,0.0
2020-09-03,5.140678455922169,1.6136425682603792,0.0,0.0
2020-09-04,5.141103305381336,1.6147785380864268,0.0,0.0
2020-09-07,5.141528189952028,1.5950788925446115,0.0,0.0
2020-09-08,5.141953109637148,1.6106977214455258,0.0,0.0
2020-09-09,5.142378064439598,1.5627832358654263,0.0,0.0
2020-09-10,5.14280305436228,1.5033909990051224,0.0,0.0
2020-09-11,5.143228079408095,1.5269797465597823,0.0,0.0
2020-09-14,5.143653139579947,1.5549598885184404,0.0,0.0
2020-09-15,5.144078234880738,1.5612416162046172,0.0,0.0
2020-09-16,5.144503365313373,1.5488314737918578,0.0,0.0
2020-09-17,5.144928530880754,1.553830654122782,0.0,0.0
2020-09-18,5.145353731585786,1.5761358954952318,0.0,0.0
2020-09-21,5.1457789674313705,1.5735596856775746,0.0,0.0
2020-09-22,5.146204238420415,1.5490161943361298,0.0,0.0
2020-09-23,5.146629544555822,1.5600195713781233,0.0,0.0
2020-09-24,5.147054885840495,1.5157947689898177,0.0,0.0
2020-09-25,5.147480262277342,1.5080190786033212,0.0,0.0
2020-09-28,5.147692968073301,1.4867656439651569,0.49997933969670694,0.0
2020-09-29,5.161549803259689,1.5016088508436096,0.501280495504681,0.0
2020-09-30,5.166443055339549,1.4986195186443616,0.5017116662876319,0.0
2020-10-09,5.237094164894303,1.5471604883425543,0.5083932083825274,0.0
2020-10-12,5.30736325624343,1.599417391311403,0.5148619546826769,0.0
2020-10-13,5.3503343644782975,1.6086939876245079,0.518718559586798,0.0
2020-10-14,5.319197663685351,1.5996603449995797,0.5158613001916812,-0.005819580361120513
2020-10-15,5.267266799216741,1.5857677353030946,0.511047689822269,-0.015525677388137593
2020-10-16,5.25509333943327,1.5853943224439633,0.5098745255501332,-0.017800948231823988
2020-10-19,5.23033077544541,1.5757963679696882,0.5075133694373462,-0.02242917560996005
2020-10-20,5.256750240664461,1.5940053853578926,0.5099480203470904,-0.017491266421619578
2020-10-21,5.215290714606278,1.5726067381242654,0.5060114762139747,-0.02524022624989486
2020-10-22,5.176845499615326,1.568022661560471,0.502301801694769,-0.03242579865938677
2020-10-23,5.136960574448332,1.541775398751149,0.4983960699803476,-0.03988045895721726
2020-10-26,5.1158565707923,1.547960371792811,0.4962852204954816,-0.04382488601885004
2020-10-27,5.129692330059276,1.5507088112486531,0.4976023183563842,-0.04123892440889265
2020-10-28,5.103592183631902,1.5561154314197645,0.49499128679068866,-0.04611715157178875
2020-10-29,5.088541327958982,1.554435222017153,0.4934557154768376,-0.0489302198115692
2020-10-30,4.992869488381049,1.5117705683105807,0.4837068033369397,-0.06681168909190294
2020-11-02,4.9620278578359605,1.520705466526691,0.48045483367210035,-0.07257611958242538
2020-11-03,5.021899649493845,1.5513916663291236,0.0,-0.061385829858593866
2020-11-04,5.022314682522729,1.550108125715269,0.0,-0.06130825843957388
2020-11-05,5.022729749851863,1.579756146000363,0.0,-0.06123068060969272
2020-11-06,5.023144851484083,1.559994091786601,0.0,-0.06115309636842081
2020-11-09,5.023559987422221,1.5976611481137344,0.0,-0.06107550571522824
2020-11-10,5.023975157669116,1.5786563853071545,0.0,-0.060997908649584764
2020-11-11,5.0243903622276,1.5519932152811071,0.0,-0.06092030517096092
2020-11-12,5.024805601100512,1.5538689378579549,0.0,-0.06084269527882624
2020-11-13,5.025220874290685,1.5532859738092268,0.0,-0.06076507897265104
2020-11-16,5.025636181800957,1.5656580349318963,0.0,-0.06068745625190497
2020-11-17,5.026051523634164,1.5517921536955401,0.0,-0.06060982711605789
2020-11-18,5.026466899793142,1.5566843779891524,0.0,-0.060532191564579896
2020-11-19,5.026882310280729,1.5636430620854216,0.0,-0.06045454959694052
2020-11-20,5.0272977550997595,1.5745737650202523,0.0,-0.06037690121260986
2020-11-23,5.027713234253074,1.5816522325805351,0.0,-0.060299246411057106
2020-11-24,5.028128747743508,1.581528515132232,0.0,-0.06022158519175236
2020-11-25,5.028544295573901,1.5564522525811144,0.0,-0.060143917554164705
2020-11-26,5.028959877747088,1.5476673796095282,0.0,-0.06006624349776435
2020-11-27,5.02937549426591,1.5471114304445526,0.0,-0.05998856302202038
2020-11-30,5.0297911451332045,1.5424456022013364,0.0,-0.059910876126402335
2020-12-01,5.03020683035181,1.56632527252859,0.0,-0.05983318281037986
2020-12-02,5.0306225499245665,1.5689106824583205,0.0,-0.059755483073422044
2020-12-03,5.031038303854312,1.5642250556734092,0.0,-0.059677776914998315
2020-12-04,5.031454092143887,1.5686969959334447,0.0,-0.059600064334577985
2020-12-07,5.031869914796131,1.5615096683326448,0.0,-0.05952234533163048
2020-12-08,5.032285771813883,1.5595370682352314,0.0,-0.05944461990562466
2020-12-09,5.032701663199982,1.5294871797293668,0.0,-0.0593668880560303
2020-12-10,5.033117588957271,1.528864800500104,0.0,-0.05928914978231603
2020-12-11,5.03353354908859,1.5045861887260636,0.0,-0.05921140508395095
2020-12-14,5.033949543596779,1.5169476391693624,0.0,-0.05913365396040415
2020-12-15,5.03436557248468,1.5178009356162596,0.0,-0.059055896411144504
2020-12-16,5.034573604119909,1.502206585183712,0.4999793396967065,-0.05901701442339258
2020-12-17,5.0630363635223725,1.5193241456530926,0.5027492030584605,-0.05369720495663621
2020-12-18,5.060462142336567,1.5146737804094017,0.5024551390942749,-0.05417833772525271
2020-12-21,5.049965300461788,1.5359524926709598,0.5013797390419972,-0.05614024162876741
2020-12-22,4.982764807664078,1.502195299495194,0.4946132892954664,-0.06870029642531705
2020-12-23,4.97574031546248,1.5141870588692932,0.4938579840779938,-0.07001320356776308
2020-12-24,4.9198441813957965,1.48811228162356,0.4880652159047144,-0.08046042616338
2020-12-25,4.937207906957542,1.5015358841769737,0.4898234856081959,-0.0772150728118165
2020-12-28,4.887911594822273,1.489353138198444,0.4846355869684173,-0.08642876092494722
2020-12-29,4.915752275577026,1.4800571204117796,1.0,-0.08122522057434933
2020-12-30,4.934243418638938,1.4911371516961953,1.0,-0.0777691481492917
2020-12-31,4.974620620064857,1.514933659154448,1.0,-0.07022247934780723
2021-01-04,4.987467304639954,1.5450110522423266,1.0,-0.06782137995850779
2021-01-05,4.974386096762484,1.5488911200270243,1.0,-0.07026631273959105
2021-01-06,4.910079255367439,1.5325117844539489,1.0,-0.08228553191624444
2021-01-07,4.717051255106276,1.5036225365019378,1.0,-0.11836327717693429
2021-01-08,4.743714148476011,1.499418828815608,1.0,-0.11337987024320062
2021-01-11,4.6509933735988795,1.4685046069008298,1.0,-0.13070977311669563
2021-01-12,4.646056827303058,1.4848591223343302,1.0,-0.13163243438597927
2021-01-13,4.6153672160848345,1.4679808203259341,1.0,-0.13736845182481006
2021-01-14,4.672877766184829,1.4654982849435085,0.9799811865688399,-0.12661948808119505
2021-01-15,4.829684176429979,1.4770936399208523,0.9806295410215722,-0.09731171036804642
2021-01-18,4.921976630190308,1.5042521571711758,0.9809911875010187,-0.08006186251310254
2021-01-19,4.994249502743482,1.5016311358030172,0.9812647199254676,-0.06655375860225077
2021-01-20,4.963559284924557,1.5115779287415618,0.9811473197413845,-0.07228988941730452
2021-01-21,5.050893671529223,1.5257267047370549,0.9814717680046728,-0.05596672517088053
2021-01-22,5.012011878676283,1.5125976639578533,0.9813264880010342,-0.06323389581933236
2021-01-25,4.906019938502627,1.4965604858171264,0.9809214801420522,-0.08304423531462679
2021-01-26,4.927730802746139,1.4770412564329065,0.9810039675316518,-0.07898638345631048
2021-01-27,4.876069664454566,1.4790138577953782,0.4945354005162824,-0.08864206752618087
2021-01-28,4.850235562323035,1.4511068081875191,0.49180111750505584,-0.09347056989101399
2021-01-29,4.804182972745399,1.4287647273183435,1.0000000000000002,-0.10207799261273887
2021-02-01,4.787439223147721,1.439065432090353,1.0000000000000002,-0.10520746984856222
2021-02-02,4.785860141407912,1.447929587674762,1.0000000000000002,-0.1055026068684638
2021-02-03,4.682260665675965,1.4258321396773617,1.0000000000000002,-0.12486578469521037
2021-02-04,4.591173076570465,1.4013143030415978,1.0000000000000002,-0.14189043827765646
2021-02-05,4.605996625078575,1.3758562752177927,1.0000000000000002,-0.1391198547031932
2021-02-08,4.6121288464659305,1.3818872452986353,1.0000000000000002,-0.13797371672944936
2021-02-09,4.7007452115774635,1.413702484416044,1.0000000000000002,-0.12141094530718632
2021-02-10,4.715389657862927,1.4238773218103191,1.0000000000000002,-0.11867383669156595
2021-02-18,4.910697486787892,1.456865647093696,0.5195103483910863,-0.08216998186304458
2021-02-19,5.036512697791811,1.4914732131138364,0.5314745599930603,-0.05865458965891879
2021-02-22,5.09037540226827,1.4968330864246981,0.5363938490375778,-0.04858742360775348
2021-02-23,5.031742567039103,1.4884981204316237,0.5309528754227535,-0.059546147163133334
2021-02-24,5.058227197447291,1.4805465649392184,0.5333702219869308,-0.05459605832681247
2021-02-25,5.082601509107603,1.4699857541240855,0.5355696294945623,-0.05004039694195839
2021-02-26,5.0825631487013805,1.4551884300390054,0.5355277412632534,-0.050047566663252274
2021-03-01,5.146298586021451,1.492323347618793,0.5412421867188154,-0.03813514531194018
2021-03-02,5.146606216344343,1.481718013271555,0.5412316966456994,-0.03807764791048163
2021-03-03,5.197307622478002,1.5050317719340072,0.5456695840154653,-0.02860134181823548
2021-03-04,5.1464825998084125,1.4823327606085066,0.5411448427806601,-0.03810075236106525
2021-03-05,5.163438621972742,1.4885594430943274,0.0,-0.03493160048956667
2021-03-08,5.163865352437368,1.462000099537236,0.0,-0.03485184277059894
2021-03-09,5.164078735303169,1.419690152252295,0.4999793396967069,-0.03481196061534175
2021-03-10,5.153474496538349,1.4071818396093252,0.49890904450583023,-0.03679393744939219
2021-03-11,5.241182482088901,1.441079679967741,0.5072537759278524,-0.02040094598836162
2021-03-12,5.229996530513595,1.4415312490259682,0.5061590770799659,-0.022491647393786174
2021-03-15,5.1312884809503085,1.4336959865761272,0.4966177059619573,-0.040940597092822606
2021-03-16,5.1784211073852635,1.4483036561490252,0.5011581359648818,-0.03213131093906818
2021-03-17,5.212156550668244,1.4566578770465484,0.5043459071978563,-0.02582601467441692
2021-03-18,5.281424990811293,1.460362656755452,0.5108062241723921,-0.012879451819778676
2021-03-19,5.230454144866177,1.4508329666418307,1.0000000000000002,-0.022406117346239873
2021-03-22,5.263215380628287,1.477200504836306,1.0000000000000002,-0.016282904565443013
2021-03-23,5.287867937733998,1.4564796024667597,1.0000000000000002,-0.011675237936347171
2021-03-24,5.227147629724775,1.4395306825374485,1.0000000000000002,-0.02302411893570211
2021-03-25,5.289693313366412,1.4354982306266508,1.0000000000000002,-0.011334067551832083
2021-03-26,5.542500746924414,1.459297840028196,1.0000000000000002,0.0
2021-03-29,5.600087874738103,1.4635394954958145,1.0000000000000002,0.0
2021-03-30,5.703808307510512,1.4575479734303145,1.0000000000000002,0.0
2021-03-31,5.610266802649741,1.4568460618148837,1.0000000000000002,-0.01639983320224836
2021-04-01,5.763112856327153,1.4623949802971075,1.0000000000000002,0.0
2021-04-02,5.944077988735558,1.4663245314984992,1.0000000000000002,0.0
2021-04-06,5.904654500772848,1.4796762404907597,1.0000000000000002,-0.006632397495022868
2021-04-07,5.761253701996543,1.4881342843514793,0.48789045418156135,-0.030757383581689335
2021-04-08,5.803961952394619,1.480390033102302,0.49161678263750963,-0.02357237516171029
2021-04-09,5.750677333065546,1.4771785233465444,0.48686380156891784,-0.03253669552057015
2021-04-12,5.6439221535267325,1.4539774343558454,0.47711458463554307,-0.050496617941023336
2021-04-13,5.725798428970095,1.4427181175845367,0.48454900906183307,-0.03672218974567931
2021-04-14,5.782545726691893,1.459341320943078,0.489565231581258,-0.027175326829456115
2021-04-15,5.774213318077475,1.4514355121766833,0.4887864093033274,-0.028577126844565037
2021-04-16,5.718382351691622,1.4716777760071071,0.4837525549550354,-0.03796983106070373
2021-04-19,5.875869507287893,1.4947604843845557,0.0,-0.011475031380295597
2021-04-20,5.8763551163380825,1.489807494824865,0.0,-0.011393335101897328
2021-04-21,5.876840765521251,1.486516841733996,0.0,-0.011311632071740352
2021-04-22,5.877326454840715,1.4929426060996769,0.0,-0.011229922289267003
2021-04-23,5.877812184299793,1.4845113073851626,0.0,-0.01114820575391906
2021-04-26,5.878297953901801,1.4773720410404605,0.0,-0.011066482465138416
2021-04-27,5.878783763650058,1.4682588336632798,0.0,-0.01098475242236685
2021-04-28,5.87926961354788,1.474103411958298,0.0,-0.010903015625046475
2021-04-29,5.879755503598587,1.4692320088857993,0.0,-0.010821272072618626
2021-04-30,5.880241433805495,1.460480755002958,0.0,-0.010739521764525639
2021-05-06,5.8807274041719255,1.4672758501255025,0.0,-0.010657764700208627
2021-05-07,5.881213414701196,1.4570177557465214,0.0,-0.010576000879109482
2021-05-10,5.881699465396626,1.467109120468169,0.0,-0.010494230300669649
2021-05-11,5.882185556261534,1.470204703789753,0.0,-0.01041245296433091
2021-05-12,5.882671687299243,1.4880387775031498,0.0,-0.010330668869534487
2021-05-13,5.883157858513068,1.4778244299107788,0.0,-0.010248878015722163
2021-05-14,5.8836440699063335,1.49843186352172,0.0,-0.01016708040233516
2021-05-17,5.884130321482359,1.495196220989194,0.0,-0.010085276028814705
2021-05-18,5.884616613244464,1.5039434126157416,0.0,-0.010003464894602243
2021-05-19,5.884859779220219,1.5039772351022809,0.4999793396967068,-0.009962555946870566
2021-05-20,5.859119823589162,1.499885706805923,0.4977411714943539,-0.01429290889308621
2021-05-21,5.907311259574408,1.5007677726316326,0.5017973938532113,-0.006185438554276335
2021-05-24,5.937763118639696,1.510638260348361,0.5043114667423196,-0.001062380087850423
2021-05-25,5.959649774903547,1.5282408555160991,0.5060910542299668,0.0
2021-05-26,5.993568318621807,1.5372086027266525,0.5088455745454316,0.0
2021-05-27,6.0203807136033625,1.5521233894438775,0.5109925716355294,0.0
2021-05-28,6.001944081634284,1.5487219571538093,0.5094499120328847,-0.003062369781269725
2021-05-31,5.985859704594081,1.5729766254265536,0.5080911231927646,-0.005734024250539371
2021-06-01,6.022981608966352,1.5840188509859374,0.511082539828518,0.0
2021-06-02,6.01595618552616,1.5663433014181893,0.510471129258743,-0.0011664361434763348
2021-06-03,6.009358340628024,1.5628347014842827,0.5098931602822668,-0.0022618811118477744
2021-06-04,5.991032839504269,1.5663372019888107,0.5083533822622033,-0.005304477339681868
2021-06-07,6.027707887236557,1.5813901566439863,0.5113043772585892,0.0
2021-06-08,6.037598660025609,1.574867042731292,0.5120646347963956,0.0
2021-06-09,6.071075239190199,1.5777149806315707,0.5147150613931442,0.0
2021-06-10,6.056498163470485,1.5897407782234627,0.5135068511675118,-0.002401069850957449
2021-06-11,6.0389705261920295,1.5759634657465313,0.5120545203020073,-0.005288142830272569
2021-06-15,5.984004453594823,1.5639835802755044,0.5075318006357832,-0.014341905208704042
2021-06-16,5.984082528915746,1.5418994957950218,0.5074975266301921,-0.014329044995669782
2021-06-17,5.98622165492143,1.559169255687225,0.0,-0.013976697854281017
2021-06-18,5.98671638398382,1.5740070467005391,0.0,-0.013895208325178099
2021-06-21,5.987211153932909,1.5956053726304025,0.0,-0.013813712061403471
2021-06-22,5.987705964772077,1.603035978373975,0.0,-0.013732209062400247
2021-06-23,5.988200816504704,1.611759135758308,0.0,-0.01365069932761187
2021-06-24,5.988695709134167,1.5981506220410207,0.0,-0.013569182856481898
2021-06-25,5.989190642663847,1.6059579642505808,0.0,-0.013487659648453665
2021-06-28,5.989685617097126,1.6194108374243543,0.0,-0.013406129702969838
2021-06-29,5.990180632437382,1.6053882454537,0.0,-0.013324593019474196
2021-06-30,5.990428160562686,1.620822856180017,0.4999793396967068,-0.013283821308442523
2021-07-01,5.973209116961896,1.5945885621679212,0.49849648082473413,-0.01612006413568301
2021-07-02,5.927778567785859,1.5853544499407088,0.4946111890468417,-0.023603178310050654
2021-07-05,5.933451275986938,1.6079806700609047,0.4950526410163286,-0.022668795523215768
2021-07-06,5.936230648542705,1.6058913547017342,0.4952473482197994,-0.022210989871619513
2021-07-07,5.932528120130395,1.622797931018473,0.4948905877598214,-0.022820853572271704
2021-07-08,5.906437847278777,1.6190216228648204,0.4926174590781506,-0.02711832507834011
2021-07-09,5.891365751011829,1.6285111872003406,0.49127736406563305,-0.029600932470463137
2021-07-12,5.906640578632714,1.6555182157222628,0.49255100830434656,-0.0270849320884744
2021-07-13,5.935731740180055,1.6658833094686187,0.49499629541161105,-0.022293167796121227
2021-07-14,5.9000741475229574,1.6517144389851175,0.4919022751158994,-0.028166524862579423
2021-07-15,5.877267823748595,1.6462219033800372,0.4898884831939482,-0.03192307915911363
2021-07-16,5.894082719788772,1.6454500439804665,0.49130171385266713,-0.02915340568650826
2021-07-19,5.862237878040582,1.6443718596418215,0.4884960940605955,-0.034398743702190204
2021-07-20,5.858320459858771,1.6519399515266322,0.48811175363538173,-0.03504400307181943
2021-07-21,5.875425791790622,1.6771950067442887,0.4895598500817756,-0.032226490315358625
2021-07-22,5.865803188036346,1.6905495181623702,0.4886802401160611,-0.03381148199725381
2021-07-23,5.793677463891711,1.6735225736714143,0.4822720159260542,-0.0456917044130537
2021-07-26,5.726896028301726,1.648915093336812,0.47619149439096314,-0.05669163983781911
2021-07-27,5.653264810212893,1.6107140349916695,0.469325271648623,-0.06881984039338573
2021-07-28,5.606975313749242,1.572422905342491,0.499979339696707,-0.07644443647232113
2021-07-29,5.613164543024897,1.6234237790245771,0.5004893977430639,-0.07542497467489473
2021-07-30,5.608584653144769,1.6409437921041046,0.5000401889630276,-0.07617935338042692
2021-08-02,5.6509654621675685,1.675245669366301,0.503748751746306,-0.06919857858303657
2021-08-03,5.6695331252296155,1.6639035051653621,0.5053330913300226,-0.06614019726992271
2021-08-04,5.641782826608421,1.6915740024237542,0.5028588851727562,-0.07071110069771425
2021-08-05,5.597198818754358,1.6792600930511468,0.49885753688720824,-0.07805477642195213
2021-08-06,5.565998930485641,1.6834127283803924,0.49600676261646887,-0.08319388062334876
2021-08-09,5.726049935866499,1.6998245610973381,0.5100535816984906,-0.056831004349358394
2021-08-10,5.812174719614892,1.7200131383898662,0.5172737144963186,-0.042644920277720155
2021-08-11,5.778620956214408,1.7330092251398512,0.5144306211593714,-0.04817174412333591
2021-08-12,5.737936045012613,1.7396073394322156,0.5109472708338789,-0.05487317831726002
2021-08-13,5.706360955398844,1.7400908125430237,0.5082005470696069,-0.06007408398384517
2021-08-16,5.766783727046939,1.7346132495390536,0.5133132675695893,-0.05012151886687011
2021-08-17,5.676412857293542,1.687367253481403,0.5055241485876626,-0.06500699898248985
2021-08-18,5.674822586824961,1.7017297558295479,0.505344703093686,-0.06526894112715576
2021-08-19,5.674074098398638,1.6996721115348115,0.505238565259766,-0.06539222874867812
2021-08-20,5.582980336299264,1.692420780876119,0.4971243167678048,-0.08039678041546394
2021-08-23,5.650662409675771,1.7377553943825501,0.5031065606047895,-0.06924849601608707
2021-08-24,5.659843912890123,1.7487707209287666,0.503871631353226,-0.06773616041611252
2021-08-25,5.7128901142424695,1.7619970596822994,0.0,-0.058998630528503626
2021-08-26,5.713362253921332,1.7480933351067582,0.0,-0.05892086182028289
2021-08-27,5.713834432620003,1.7465747129968314,0.0,-0.05884308668489613
2021-08-30,5.714306650341707,1.7524552406697627,0.0,-0.05876530512181233
2021-08-31,5.714778907089669,1.7494311619864367,0.0,-0.05868751713050013
2021-09-01,5.7152512028671145,1.7352502223584043,0.0,-0.05860972271042819
2021-09-02,5.7157235376772695,1.7585171864608162,0.0,-0.05853192186106537
2021-09-03,5.716195911523358,1.75661007886162,0.0,-0.058454114581880434
2021-09-06,5.716668324408608,1.7788534892193435,0.0,-0.05837630087234169
2021-09-07,5.717140776336245,1.8025553110553787,0.0,-0.05829848073191801
2021-09-08,5.7176132673094955,1.814178218137428,0.0,-0.0582206541600776
2021-09-09,5.718085797331587,1.8145294635544942,0.0,-0.058142821156289326
2021-09-10,5.718558366405746,1.8080011863720094,0.0,-0.05806498172002117
2021-09-13,5.719030974535201,1.8152833588159398,0.0,-0.057987135850742
2021-09-14,5.71950362172318,1.7981696271014251,0.0,-0.05790928354791958
2021-09-15,5.7199763079729085,1.8107836762239624,0.0,-0.05783142481102277
2021-09-16,5.720449033287617,1.780294270203677,0.0,-0.05775355963951967
2021-09-17,5.720921797670534,1.7769682606332409,0.0,-0.05767568803287815
2021-09-22,5.721394601124886,1.7863181455554193,0.0,-0.05759780999056696
2021-09-23,5.721867443653905,1.7972901797892784,0.0,-0.05751992551205365
2021-09-24,5.722340325260818,1.7663561836606867,0.0,-0.057442034596806746
2021-09-27,5.722813245948856,1.7166323930706864,0.0,-0.05736413724429412
2021-09-28,5.72328620572125,1.7240980185249324,0.0,-0.05728623345398365
2021-09-29,5.723522705151242,1.6685443269051219,0.49997933969670655,-0.05724727833966281
2021-09-30,5.7886253800435865,1.7070477313091739,0.5055620404918203,-0.04652386076906656
2021-10-08,5.858953562269182,1.7247261841995525,0.5114566740686305,-0.034939721311922134
2021-10-11,5.84863976476682,1.7168561841192291,0.5105547045136541,-0.03663856329559323
2021-10-12,5.811165508826137,1.6826772921276936,0.5073577252045788,-0.042811152905219196
2021-10-13,5.902563206795174,1.686833782909927,0.5149459154697483,-0.02775653829938407
2021-10-14,5.924757502318496,1.6999594332322763,0.5167230037245966,-0.02410079452272118
2021-10-15,5.895993467164651,1.689763927687264,0.5143251664694484,-0.028838676038036026
2021-10-18,5.94122249435279,1.706181945636709,0.5179826535325095,-0.021388755652240854
2021-10-19,5.954517465471404,1.7200631866944107,0.5190191323637376,-0.019198868260829283
2021-10-20,5.975027945476296,1.7211827514271303,0.5206305814815463,-0.01582047494550798
2021-10-21,5.921402300456298,1.7152975331069922,0.5162493205111087,-0.024653448168081904
2021-10-22,5.905412838633329,1.6973660195451576,0.514899432311779,-0.02728715985719965
2021-10-25,5.946468560177011,1.7170008587635408,0.5182088587355833,-0.020524647464228885
2021-10-26,5.9737096386216475,1.7116780772804459,0.5203662680909119,-0.01603762047619406
2021-10-27,5.950688864012978,1.68858402944189,0.5184709693993655,-0.019829498142289292
2021-10-28,5.863064577812031,1.655628931673815,1.0,-0.034262573462343404
2021-10-29,6.052060641742521,1.6805736207817517,1.0,-0.0031319983196607115
2021-11-01,6.174976100304583,1.704867500824577,1.0,0.0
2021-11-02,6.125535423354271,1.6844829831945018,1.0,-0.008006618349158279
2021-11-03,6.143803691950516,1.692807077520777,0.49504335343944367,-0.00504818283467201
2021-11-04,6.205205857076543,1.7192785673386382,0.9950919951909809,0.0
2021-11-05,6.0404079773299815,1.7024311968159154,0.9949576754982719,-0.02655800364118832
2021-11-08,6.045778013759748,1.710431012862352,0.9949617378871249,-0.02569259537698987
2021-11-09,6.110638035915338,1.729678671026399,0.9950148034454639,-0.015240077982805023
2021-11-10,6.303426503234976,1.7367597221183282,0.9951668748341624,0.0
2021-11-11,6.506968158895365,1.7533207210179664,0.9953176707939876,0.0
2021-11-12,6.438167068497287,1.7731053221128388,0.9952672422560515,-0.010573448143283648
2021-11-15,6.3999281767011515,1.7809884245182523,0.9952385710566914,-0.01645005470756522
2021-11-16,6.351498626938146,1.76557654443934,0.9952018691242598,-0.023892775892054074
2021-11-17,6.39157371634605,1.7928333944038743,0.9952315592930089,-0.017733979901463748
2021-11-18,6.371778619064793,1.7833775835652879,0.995216349948296,-0.020776118236533914
2021-11-19,6.532235461694956,1.8050361789922713,0.9953334691718891,0.0
2021-11-22,6.49502333334382,1.8287370286915343,0.9953063452061668,-0.0056966912122731195
2021-11-23,6.518887316559096,1.8342554085017604,0.9953231409934798,-0.0020434268198281647
2021-11-24,6.565321269012458,1.8400828189014689,0.995355834806531,0.0
2021-11-25,6.530742467648429,1.8380235556992273,0.49906164952078896,-0.0052668864092357826
2021-11-26,6.515442830542567,1.8372429797621344,0.4978438432981006,-0.0075972578379843725
2021-11-29,6.479165864309752,1.8430776822669959,0.49499052907215146,-0.013122801028694342
2021-11-30,6.458603392849785,1.8544486249511043,0.49334084434556874,-0.01625478354979648
2021-12-01,6.509548194023195,1.867449028763458,0.4972644977695051,-0.00849510217458882
2021-12-02,6.5236102567306276,1.842258560756684,0.0,-0.006353232472979031
2021-12-03,6.524149398074159,1.8515073863763745,0.0,-0.006271112905414822
2021-12-06,6.524688583974826,1.823261227510627,0.0,-0.006188986551109554
2021-12-07,6.525227814436312,1.8045474098243899,0.0,-0.006106853409502122
2021-12-08,6.525767089462298,1.834033912905369,0.0,-0.0060247134800318625
2021-12-09,6.526306409056469,1.8420914380205446,0.0,-0.005942566762137669
2021-12-10,6.526845773222507,1.8476403322178219,0.0,-0.005860413255258434
2021-12-13,6.527385181964095,1.8585898840058772,0.0,-0.005778252958833274
2021-12-14,6.527924635284919,1.865648514115436,0.0,-0.00569608587230086
2021-12-15,6.5284641331886615,1.8649185081096369,0.0,-0.005613911995100307
2021-12-16,6.529003675679007,1.8816439198054915,0.0,-0.005531731326670175
2021-12-17,6.529543262759643,1.8629113003804811,0.0,-0.005449543866449136
2021-12-20,6.53008289443425,1.8380317890873317,0.0,-0.005367349613876193
2021-12-21,6.530622570706518,1.8623216664104076,0.0,-0.005285148568389686
2021-12-22,6.53116229158013,1.8729118553862092,0.0,-0.005202940729428396
2021-12-23,6.531702057058774,1.8691914417374444,0.0,-0.005120726096430772
2021-12-24,6.5322418671461335,1.837063092066841,0.0,-0.005038504668835486
2021-12-27,6.532781721845899,1.842785929079083,0.0,-0.004956276446080654
2021-12-28,6.533321621161754,1.854707421517583,0.0,-0.004874041427605058
2021-12-29,6.5338615650973875,1.8506304809543566,0.0,-0.004791799612847036
2021-12-30,6.534401553656487,1.8695453049508473,0.0,-0.004709551001244705
2021-12-31,6.534941586842739,1.8807641723064488,0.0,-0.004627295592236624
2022-01-04,6.535481664659833,1.896686829896048,0.0,-0.00454503338526091
2022-01-05,6.5360217871114585,1.8649768929485884,0.0,-0.004462764379755346
2022-01-06,6.536561954201302,1.8805158450483221,0.0,-0.004380488575158714
2022-01-07,6.537102165933054,1.8483623169730496,0.0,-0.004298205970908797
2022-01-10,6.537642422310404,1.8623247546796753,0.0,-0.0042159165664434894
2022-01-11,6.5376424223104035,1.850354686690206,1.0000000000000002,-0.0042159165664436005
2022-01-12,6.5695383646005485,1.8767034211644595,1.0000000000000002,0.0
2022-01-13,6.342046113343253,1.8561598931149446,1.0000000000000002,-0.03462834656436742
2022-01-14,6.449136981875936,1.8531766098928044,1.0000000000000002,-0.018327221190058918
2022-01-17,6.547323347815794,1.8836735551812436,1.0000000000000002,-0.0033815186930725716
2022-01-18,6.509712338614153,1.8625565123009296,1.0000000000000002,-0.0091065798943748
2022-01-19,6.373944623092048,1.8594015729813735,1.0000000000000002,-0.02977282887370636
2022-01-20,6.110886569253839,1.8174488144058851,1.0000000000000002,-0.0698149199977458
2022-01-21,6.094145050310316,1.79383683914661,1.0000000000000002,-0.07236327545506893
2022-01-24,6.365782958440036,1.7927606467569444,1.0000000000000002,-0.031015178670457666
2022-01-25,6.178340045726539,1.719270437263167,1.0000000000000002,-0.05954730715661105
2022-01-26,6.230162137455184,1.7289488172417167,1.0000000000000002,-0.05165906770163142
2022-01-27,6.023562841812719,1.672634711261866,1.0000000000000002,-0.08310713667946235
2022-01-28,5.896247050902523,1.687734694631639,1.0000000000000002,-0.10248685315942507
2022-02-07,6.014987228132405,1.712141266138741,1.0000000000000002,-0.0844124968439639
2022-02-08,5.897351068323732,1.7328539290646507,1.0000000000000002,-0.10231880217015643
2022-02-09,5.988016398013818,1.7621684342772586,1.0000000000000002,-0.0885179344899204
2022-02-10,5.794003663848999,1.7574303390620516,1.0000000000000002,-0.11805010606688271
2022-02-11,5.673063540587717,1.721396341513031,1.0000000000000002,-0.13645933310069658
2022-02-14,5.6933354989415,1.7194825479934388,1.0000000000000002,-0.13337358228705998
2022-02-15,5.8996177953832705,1.7321905575850547,0.4999793396967069,-0.10197376619749932
2022-02-16,5.927830861476336,1.7496789704898468,0.5023180231592256,-0.09767923825241731
2022-02-17,5.9048343582044,1.7462130583822717,0.5003384991656898,-0.10117971301878004
2022-02-18,5.951139722711473,1.7588146269135545,0.5041853541820004,-0.09413121707626648
2022-02-21,6.025001316344837,1.7841408470843139,0.5102231625730511,-0.08288817539903681
2022-02-22,5.95987325323168,1.7644726980093193,0.5048300792053373,-0.09280181917408414
2022-02-23,6.001886623863523,1.7959167362549486,0.5082556455322441,-0.08640664065465742
2022-02-24,5.922501445211626,1.75307921936464,0.5016231219875752,-0.09849046972241315
2022-02-25,6.032623446121779,1.7688690142589931,0.510680263129473,-0.08172795235840236
2022-02-28,6.086330216246869,1.7740606063585642,0.5149580174632021,-0.07355283149839109
2022-03-01,6.055072331987956,1.7868683649460846,0.5124138094612708,-0.07831083465236355
2022-03-02,6.151193100056557,1.7921123702046406,0.5199933409251609,-0.06367955270620118
2022-03-03,6.180686112361795,1.785822535452317,0.5222443571380533,-0.059190194296459775
2022-03-04,6.185092041488254,1.7644507630688295,0.5225452289223402,-0.058519533911827626
2022-03-07,6.164551487876427,1.7348101897056463,0.5209147383125303,-0.06164616967706016
2022-03-08,5.955628939477763,1.6784974983882541,0.504067518152606,-0.09344787883891337
2022-03-09,5.887940804565454,1.6602810156423722,0.4983247900588683,-0.10375121084729955
2022-03-10,6.112522420633357,1.6911378847270477,0.5167170188551037,-0.0695659144681744
2022-03-11,6.282336916729005,1.7037470117264089,0.529741522048235,-0.04371714296077589
2022-03-14,6.223948062904165,1.6566365025717118,0.5252906474412735,-0.052604959818572716
2022-03-15,6.036095563995534,1.5729805698469124,0.49997933969670705,-0.08119943457205903
2022-03-16,6.083424850403175,1.6257199677040626,0.5038285177294959,-0.07399507959596652
2022-03-17,6.2278681462253775,1.658934555554663,0.5152961959394082,-0.05200825376349649
2022-03-18,6.215035549660173,1.6783831560978697,0.5142552549354306,-0.053961602058766656
2022-03-21,6.239104923635308,1.700258410275105,0.516089183755965,-0.05029781738481898
2022-03-22,6.2507750825747825,1.6941011296463684,0.5169527243338187,-0.04852141266780596
2022-03-23,6.293293137517347,1.7000799800345627,0.5201765836600403,-0.04204941226490544
2022-03-24,6.242807596246866,1.6822015897515379,0.5162562795394184,-0.04973420508726245
2022-03-25,6.203177177810162,1.6695978878447146,0.5131255377305528,-0.055766656111561064
2022-03-28,6.153977443612498,1.6636378113977188,0.5091925212286393,-0.06325572634254917
2022-03-29,6.103659624897899,1.6512964965256218,0.505105467787155,-0.07091498882372027
2022-03-30,6.20762106774177,1.6817883677262842,0.5133534434771646,-0.05509021742059417
2022-03-31,6.193866696868944,1.6741282415644423,0.5122324668467926,-0.05718387607809439
2022-04-01,6.190035754489156,1.6724393574361947,0.5118902567808156,-0.05776701330436129
2022-04-06,6.222783732684274,1.6847348217359766,0.5144188523481723,-0.05278219148315433
2022-04-07,6.1303168067304235,1.6435840191994238,0.5070538299603731,-0.06685729399752605
2022-04-08,6.10828446690819,1.6354587098519706,0.5052349063767834,-0.0702110060240747
2022-04-11,5.959027516854507,1.586517573623452,0.49280051260405816,-0.09293055521765925
2022-04-12,5.991301782425037,1.6131144802705863,0.49549103047766835,-0.08801784084119135
2022-04-13,5.880494741620359,1.5783390973118492,0.4859420119843932,-0.10488463340027798
2022-04-14,5.927579368242114,1.5953333749560528,0.0,-0.09771751997333344
2022-04-15,5.927824309538317,1.569193628293064,0.4999793396967071,-0.09768023557333316
2022-04-18,6.095635725075179,1.5775404014834034,0.5137046043019587,-0.07213636837543369
2022-04-19,6.125677850730467,1.5846551883841187,0.5160495473350615,-0.06756342519617353
2022-04-20,5.977382090656844,1.56303289203239,0.5040019985663526,-0.09013666426464495
2022-04-21,5.830020771769284,1.5007813754841224,1.0,-0.11256766484782221
2022-04-22,5.646283937161455,1.4831438750815926,1.0,-0.14053566265994877
2022-04-25,5.2997158601543095,1.3730347654434176,1.0,-0.19328945718447732
2022-04-26,5.197499513580532,1.332621212106793,1.0,-0.20884859405238299
2022-04-27,5.566747809469235,1.380282610550815,1.0,-0.15264246884298194
2022-04-28,5.496126430803551,1.360346528268424,1.0,-0.1633922924601513
2022-04-29,5.743252510629525,1.4200513143637952,1.0,-0.12577532972840233
2022-05-05,5.880864814732608,1.4454314338957521,1.0,-0.10482830172342161
2022-05-06,5.936001875321259,1.4259001046748738,1.0,-0.09643546534305236
2022-05-09,6.17385785332711,1.4479368737827676,1.0,-0.060229576161017984
2022-05-10,6.533724775942754,1.4753513174098205,1.0,-0.0054514619856356195
2022-05-11,6.5189549137370655,1.484308756536943,1.0,-0.007699696395114808
2022-05-12,6.602487178803422,1.494429840014832,1.0,0.0
2022-05-13,6.505376922385535,1.5044132444136318,1.0,-0.014708132524611117
2022-05-16,6.505740318074757,1.5077175425834142,1.0,-0.014653093312965493
2022-05-17,6.489656366948911,1.5071848887530248,1.0,-0.017089137592987913
2022-05-18,6.499799358583684,1.5133301416734468,0.4929198765517199,-0.015552899602653714
2022-05-19,6.5842326305765795,1.5236484454959218,0.4993810765680568,-0.0027647987390944095
2022-05-20,6.541272296254836,1.5436273148253346,0.4960515761515215,-0.009271488287794005
2022-05-23,6.573515458593605,1.5611132245458035,0.498482004118276,-0.004388000979816731
2022-05-24,6.323375504987535,1.4961435151884357,0.0,-0.042273716897466285
2022-05-25,6.323898098004476,1.5257089671340072,0.0,-0.0421945659649785
2022-05-26,6.324420734210922,1.5335107488631634,0.0,-0.04211540849109141
2022-05-27,6.324943413610444,1.534827381660702,0.0,-0.04203624447526422
2022-05-30,6.325466136206611,1.5495308490664423,0.0,-0.041957073916956245
2022-05-31,6.325988902002992,1.566437384378327,0.0,-0.041877896815627036
2022-06-01,6.326511711003157,1.5730344054284633,0.0,-0.0417987131707358
2022-06-02,6.3270345632106775,1.5861732634910253,0.0,-0.04171952298174175
2022-06-06,6.327557458629125,1.6149763775710617,0.0,-0.041640326248103765
2022-06-07,6.328080397262069,1.6103872827200323,0.0,-0.04156112296928138
2022-06-08,6.3286033791130825,1.6104771950538994,0.0,-0.04148191314473337
2022-06-09,6.329126404185736,1.5810072390203733,0.0,-0.041402696773918946
2022-06-10,6.329649472483602,1.6120889273845649,0.0,-0.04132347385629698
2022-06-13,6.3301725840102545,1.618247048371519,0.0,-0.041244244391326346
2022-06-14,6.330695738769264,1.6215800687499333,0.0,-0.04116500837846615
2022-06-15,6.331218936764203,1.6190742203072057,0.0,-0.04108576581717516
2022-06-16,6.331742177998647,1.6314858796801912,0.0,-0.04100651670691202
2022-06-17,6.332265462476167,1.6430901572632193,0.0,-0.04092726104713573
2022-06-20,6.332788790200339,1.659842718594831,0.0,-0.040847998837304944
2022-06-21,6.333312161174735,1.6490406278943164,0.0,-0.04076873007687831
2022-06-22,6.333835575402931,1.6284434763578597,0.0,-0.04068945476531449
2022-06-23,6.334359032888503,1.6625374046987096,0.0,-0.040610172902071806
2022-06-24,6.334882533635023,1.680731451507975,0.0,-0.04053088448660913
2022-06-27,6.335406077646067,1.6959166494538769,0.0,-0.04045158951838479
2022-06-28,6.335929664925211,1.7185134214216609,0.0,-0.04037228799685744
2022-06-29,6.336453295476032,1.6795984019745824,0.0,-0.040292979921485284
2022-06-30,6.336976969302103,1.695701253201131,0.0,-0.04021366529172676
2022-07-01,6.3375006864070045,1.6920472468221304,0.0,-0.0401343441070402
2022-07-04,6.338024446794312,1.7057851351619981,0.0,-0.04005501636688358
2022-07-05,6.3385482504676,1.6936796921004444,0.0,-0.03997568207071567
2022-07-06,6.339072097430448,1.6774944354903578,0.0,-0.039896341217994236
2022-07-07,6.339595987686434,1.6920625443421933,0.0,-0.0398169938081776
2022-07-08,6.340119921239136,1.6918947492219079,0.0,-0.03973763984072365
2022-07-11,6.3406438980921305,1.676658839571953,0.0,-0.039658279315090694
2022-07-12,6.341167918248997,1.6498820211060738,0.0,-0.03957891223073662
2022-07-13,6.341691981713315,1.6687606394694026,0.0,-0.03949953858711941
2022-07-14,6.342216088488663,1.6812501017783472,0.0,-0.039420158383696835
2022-07-15,6.342740238578621,1.6550189709235834,0.0,-0.039340771619926884
2022-07-18,6.343264431986768,1.6938060539741766,0.0,-0.039261378295267435
2022-07-19,6.343788668716684,1.710097759315862,0.0,-0.039181978409176144
2022-07-20,6.34431294877195,1.727794874573263,0.0,-0.039102571961110666
2022-07-21,6.344837272156146,1.720192924729259,0.0,-0.0390231589505291
2022-07-22,6.345361638872853,1.714221669723693,0.0,-0.03894373937688855
2022-07-25,6.345886048925653,1.6965962053619896,0.0,-0.0388643132396469
2022-07-26,6.346410502318125,1.71662316859061,0.0,-0.0387848805382619
2022-07-27,6.346934999053855,1.7329343431486528,0.0,-0.038705441272190555
2022-07-28,6.3474595391364215,1.7469367413805725,0.0,-0.03862599544089074
2022-07-29,6.347984122569407,1.7372024787218754,0.0,-0.03854654304381977
2022-08-01,6.348508749356396,1.7481347752772243,0.0,-0.03846708408043509
2022-08-02,6.348771084428687,1.6837711268667146,0.49997933969670666,-0.03842735131531383
2022-08-03,6.3378199581182,1.673312419741376,0.4990739580040071,-0.04008598782817896
2022-08-04,6.394025722690344,1.693647600009125,0.5034362414790723,-0.03157317090782408
2022-08-05,6.467354804651483,1.7144465097255162,0.509025878281138,-0.02046688929374485
2022-08-08,6.445789847135024,1.7388675732654677,0.5073425689987624,-0.02373307625215204
2022-08-09,6.406786154393678,1.745656681477112,0.5043023703579376,-0.029640500482609244
2022-08-10,6.384998493587139,1.7505883493527914,0.502569784671186,-0.03294041765268507
2022-08-11,6.456085828887509,1.774024215789253,0.5080062832806925,-0.02217366667305598
2022-08-12,6.478909199237291,1.7644294268040015,0.5096989210229533,-0.018716882929036838
2022-08-15,6.4409577550020725,1.7754074951762246,0.5067692069901801,-0.024464935626065665
2022-08-16,6.432954839776147,1.7896966368119125,0.5061147898075777,-0.025677041762616426
2022-08-17,6.455970581980772,1.7944322825690044,0.5078348349778842,-0.022191121747729525
2022-08-18,6.380118351463091,1.8015541359292382,0.5019424018227845,-0.0336795545857661
2022-08-19,6.351340189732101,1.7741827168108004,0.49964433578705614,-0.03803823957093044
2022-08-22,6.381031538598982,1.7866696376576046,0.5019313634771425,-0.033541245019816035
2022-08-23,6.360599297581572,1.794785432631514,0.5002901157887563,-0.03663587291746728
2022-08-24,6.327305070552721,1.7339598514382035,0.497619130855711,-0.04167855246037333
2022-08-25,6.3718638766016165,1.7245969517601971,0.5010910800770538,-0.03492976146052906
2022-08-26,6.440795358755942,1.7143133917617035,0.5063897743861092,-0.02448953184893332
2022-08-29,6.457413439974667,1.7265840626877542,0.5076193855273999,-0.0219725892531073
2022-08-30,6.441384349301558,1.7145468391697563,0.0,-0.02440032447455065
2022-08-31,6.441916695115549,1.6635530082771626,0.0,-0.024319696402193225
2022-09-01,6.442449084925062,1.6554461246119225,0.0,-0.024239061666358808
2022-09-02,6.442981518733734,1.6778641336705615,0.0,-0.024158420266496505
2022-09-05,6.4435139965451995,1.681933292897923,0.0,-0.02407777220205576
2022-09-06,6.444046518363096,1.709809909722104,0.0,-0.023997117472485674
2022-09-07,6.4445790841910595,1.720862601010783,0.0,-0.02391645607723547
2022-09-08,6.445111694032729,1.7033510144256097,0.0,-0.023835788015754145
2022-09-09,6.445644347891739,1.7016922429767904,0.0,-0.023755113287491136
2022-09-13,6.446177045771731,1.7045512955927296,0.0,-0.023674431891894887
2022-09-14,6.44670978767634,1.6874984593854407,0.0,-0.023593743828414837
2022-09-15,6.4467097876763395,1.6431432917237927,1.0000000000000002,-0.023593743828414948
2022-09-16,6.409161145072636,1.6053180579273183,1.0000000000000002,-0.029280788965624693
2022-09-19,6.33847653177978,1.5882531308510084,1.0000000000000002,-0.03998654444513272
2022-09-20,6.607366639748973,1.6118621520116083,1.0000000000000002,0.0
2022-09-21,6.628269039698461,1.6135676687597205,1.0000000000000002,0.0
2022-09-22,6.601545566134993,1.6101213470747346,1.0000000000000002,-0.004031742435832708
2022-09-23,6.2835783774777125,1.5768619759642755,1.0000000000000002,-0.05200311878656472
2022-09-26,6.377843124555403,1.5550762679497176,1.0000000000000002,-0.037781495235511886
2022-09-27,6.490519897144731,1.589816690385084,1.0000000000000002,-0.020782068701302503
2022-09-28,6.107675587038779,1.542726476318026,1.0000000000000002,-0.07854138833860091
2022-09-29,6.044786342312152,1.537118485228769,1.0000000000000002,-0.08802942274848469
2022-09-30,5.783861660794247,1.5137360578999075,1.0000000000000002,-0.12739485585857102
2022-10-10,5.629664820451023,1.4847209434941426,1.0000000000000002,-0.15065837147927053
2022-10-11,5.738174788939831,1.4954743390783927,1.0000000000000002,-0.13428758631063697
2022-10-12,5.997396477572125,1.5383059699464268,1.0000000000000002,-0.09517908195154312
2022-10-13,6.014161695761003,1.5496213517714401,1.0000000000000002,-0.09264973106242458
2022-10-14,6.1897486556410035,1.5867072557343214,1.0000000000000002,-0.06615911053565304
2022-10-17,6.239718171239347,1.6068816925708445,1.0000000000000002,-0.058620262112473065
2022-10-18,6.241710966402332,1.6140522967175994,1.0000000000000002,-0.05831961119576323
2022-10-19,6.1644253698754286,1.5993751865899253,1.0000000000000002,-0.06997960810657344
2022-10-20,6.137864334174627,1.5930976349208086,0.49997933969670677,-0.07398684371238862
2022-10-21,6.087866459615448,1.5945362215391952,0.4958311522066965,-0.08152997062225431
2022-10-24,5.9636952734582005,1.5760031228107039,0.4852912263433398,-0.10026354727907871
2022-10-25,5.946303510189549,1.5722330751255178,0.48374314251417566,-0.10288742436742382
2022-10-26,5.955591659676439,1.6043560366343421,0.4845056808136813,-0.10148613099335269
2022-10-27,5.957018271522981,1.596413157295161,0.48458654093263587,-0.10127089955992752
2022-10-28,5.825725757828618,1.540789424498936,0.47292727691610953,-0.12107886343526475
2022-10-31,5.798029102202036,1.5534326097726288,0.4703657308327914,-0.12525742882853697
2022-11-01,5.879334143861009,1.5943799233234643,0.47764685268475915,-0.11299102244520887
2022-11-02,5.924609193460989,1.618502703202706,0.48159576389669806,-0.10616042318485663
2022-11-03,5.93535627447506,1.626324477991818,0.48249166670667254,-0.10453902234103085
2022-11-04,6.015493857218001,1.6591328824115494,0.48934364210905407,-0.09244874926023472
2022-11-07,6.052422458774301,1.667121130562905,0.4924174449348532,-0.08687736986463013
2022-11-08,6.0580577249485925,1.664071644160882,0.4928476933782277,-0.08602718316572877
2022-11-09,6.119976289630471,1.6645870318087592,0.49793729300197626,-0.07668559423639709
2022-11-10,6.101177471863884,1.6558456623629605,0.49634872747579045,-0.07952175216148982
2022-11-11,6.295871527913956,1.6632160580815067,0.5118833445336267,-0.050148464070134735
2022-11-14,6.3911023989970115,1.659784506892659,0.5191168067072788,-0.035781082403414155
2022-11-15,6.422976459220259,1.695993976023716,0.5214636473239483,-0.0309722763588276
2022-11-16,6.357128423669478,1.6885775097416194,0.516466941977303,-0.04090670043793487
2022-11-17,6.334973575756966,1.6958763923685438,0.0,-0.04424917911220416
2022-11-18,6.335497127292153,1.6842231768197524,0.0,-0.04417019144105638
2022-11-21,6.336020722096061,1.691817479958486,0.0,-0.044091197242002056
2022-11-22,6.336544360172267,1.668113500358034,0.0,-0.04401219651450139
2022-11-23,6.337068041524348,1.6591413193690678,0.0,-0.043933189258014926
2022-11-24,6.337591766155878,1.6648521948937267,0.0,-0.04385417547200332
2022-11-25,6.338115534070436,1.648388862499172,0.0,-0.04377515515592667
2022-11-28,6.338639345271599,1.6424139730135499,0.0,-0.0436961283092453
2022-11-29,6.339163199762943,1.67328938794323,0.0,-0.04361709493141963
2022-11-30,6.3396870975480475,1.6721362422266697,0.0,-0.04353805502190988
2022-12-01,6.34021103863049,1.6873702145991722,0.0,-0.04345900858017604
2022-12-02,6.340735023013847,1.6957699515719786,0.0,-0.043379955605678644
2022-12-05,6.341259050701701,1.709171775761592,0.0,-0.04330089609787735
2022-12-06,6.341783121697626,1.7018797562546182,0.0,-0.04322183005623259
2022-12-07,6.342307236005204,1.7044648417178192,0.0,-0.04314275748020424
2022-12-08,6.342831393628014,1.6978452274046152,0.0,-0.04306367836925218
2022-12-09,6.343355594569636,1.697324637401006,0.0,-0.0429845927228365
2022-12-12,6.34387983883365,1.6948726896722381,0.0,-0.04290550054041686
2022-12-13,6.344404126423637,1.6874671227727047,0.0,-0.04282640182145325
2022-12-14,6.344928457343175,1.681573602724601,0.0,-0.042747296565405546
2022-12-15,6.345452831595849,1.6874076015189692,0.0,-0.042668184771733175
2022-12-16,6.345977249185237,1.6720367974180808,0.0,-0.04258906643989602
2022-12-19,6.3465017101149215,1.6359373287891283,0.0,-0.04250994156935395
2022-12-20,6.347026214388484,1.6242279688493917,0.0,-0.0424308101595664
2022-12-21,6.347550762009509,1.6131431098716174,0.0,-0.0423516722099927
2022-12-22,6.348075352981576,1.5919282957039533,0.0,-0.0422725277200926
2022-12-23,6.348599987308268,1.586045278878006,0.0,-0.04219337668932577
2022-12-26,6.3491246649931705,1.613856237999032,0.0,-0.042114219117151186
2022-12-27,6.3496493860398635,1.6233967048973728,0.0,-0.04203505500302873
2022-12-28,6.350174150451933,1.6081678736159628,0.0,-0.041955884346417505
2022-12-29,6.350698958232962,1.6031985367884203,0.0,-0.041876707146776715
2022-12-30,6.351223809386535,1.611822679744218,0.0,-0.041797523403565684
2023-01-03,6.3514862566513886,1.647221224683289,0.4999793396967063,-0.04175792825990421
2023-01-04,6.382499910000508,1.6515199591352365,0.5023679019663978,-0.037078930898244544
2023-01-05,6.38928162120688,1.6637376208132861,0.5028550156536704,-0.03605578123944908
2023-01-06,6.399526497809839,1.6607362582769583,0.5036098647319989,-0.0345101474485453
2023-01-09,6.418783134903221,1.6708035196414515,0.5050581564815685,-0.03160491880166194
2023-01-10,6.405572977455252,1.6705597957018425,0.5039964535806004,-0.03359792140443052
2023-01-11,6.42079495097633,1.6576848016700738,0.5051314493988311,-0.03130139822018596
2023-01-12,6.396949357017746,1.656090894699163,0.5032457015245307,-0.03489895797760767
2023-01-13,6.414018123242384,1.6629726880834608,0.504526702295028,-0.03232381111461702
2023-01-16,6.44984567455445,1.6801338867605706,0.5072382326698053,-0.02691854601486232
2023-01-17,6.423029497308885,1.6778193977341895,0.5051400559227873,-0.03096427455800932
2023-01-18,6.446073965428979,1.6815463767777887,0.5068684100051424,-0.02748757981582639
2023-01-19,6.471087631666522,1.6920716058806051,0.5087339884100417,-0.02371379421845099
2023-01-20,6.524289304376494,1.7066353752324066,0.5126996991537299,-0.015687313640892486
2023-01-30,6.56126881388202,1.7268146142827265,0.5154060926158603,-0.010108253816367263
2023-01-31,6.588556917465462,1.7298788342240536,0.5173732723946768,-0.0059913262414594826
2023-02-01,6.673226933578528,1.7599803013352264,0.5234574680453439,0.0
2023-02-02,6.687622251519133,1.76558162657555,0.5244439419781247,0.0
2023-02-03,6.653501351535687,1.7648572984339066,0.5219656620804087,-0.0051020973823237
2023-02-06,6.667825274025666,1.7593784515996411,0.5229531605307298,-0.002960241584962442
2023-02-07,6.6823983596641305,1.7694299200360604,0.0,-0.0007811284277929875
2023-02-08,6.682950623991376,1.7589609566518352,0.0,-0.0006985483557621075
2023-02-09,6.6835029339603,1.7853349732394448,0.0,-0.0006159614589321682
2023-02-10,6.684055289574677,1.7800309793500124,0.0,-0.0005333677367386214
2023-02-13,6.684607690838278,1.7993433033188238,0.0,-0.0004507671886178066
2023-02-14,6.685160137754876,1.800031302693971,0.0,-0.00036815981400528663
2023-02-15,6.6857126303282435,1.8049962188542388,0.0,-0.0002855456123370681
2023-02-16,6.686265168562155,1.7646642676580087,0.0,-0.00020292458304882466
2023-02-17,6.686817752460383,1.751551577648627,0.0,-0.00012029672557634097
2023-02-20,6.687370382026703,1.7769484589870568,0.0,-3.7662039355179644e-05
2023-02-21,6.687923057264887,1.7842962793726231,0.0,0.0
2023-02-22,6.68847577817871,1.7861857768497713,0.0,0.0
2023-02-23,6.689028544771948,1.780111730364443,0.0,0.0
2023-02-24,6.689581357048376,1.7745960293153222,0.0,0.0
2023-02-27,6.690134215011769,1.7600517306751526,0.0,0.0
2023-02-28,6.6906871186659025,1.7757962140875883,0.0,0.0
2023-03-01,6.691240068014552,1.7930672471765,0.0,0.0
2023-03-02,6.691793063061495,1.7858408132890198,0.0,0.0
2023-03-03,6.692346103810508,1.7854907305244487,0.0,0.0
2023-03-06,6.6928991902653685,1.7888248104603492,0.0,0.0
2023-03-07,6.693452322429853,1.7509449596688407,0.0,0.0
2023-03-08,6.694005500307741,1.764724454447828,0.0,0.0
2023-03-09,6.694558723902807,1.7650368801292393,0.0,0.0
2023-03-10,6.695111993218831,1.7405073713038424,0.0,0.0
2023-03-13,6.695665308259593,1.749567649092932,0.0,0.0
2023-03-14,6.695941988644234,1.730795013798075,0.4999793396967065,0.0
2023-03-15,6.689544489711074,1.7417694103513512,0.49945978490534815,-0.0009554292650697516
2023-03-16,6.595884370881411,1.7139725570040625,0.4923102687082786,-0.01494302339125897
2023-03-17,6.565788807400098,1.7298298665203815,0.48994102443588916,-0.019437620795530353
2023-03-20,6.5989509198387095,1.724401372529511,0.49246231326490486,-0.014485052136056997
2023-03-21,6.674046099680298,1.7498493505551747,0.4981315637558915,-0.003270023695108093
2023-03-22,6.67705611875137,1.759983157691446,0.49831634817771553,-0.0028204948497004834
2023-03-23,6.644050518076489,1.7649705396323565,0.49578247058019875,-0.007749689387355652
2023-03-24,6.659210313154673,1.765788577092494,0.49688875356386397,-0.0054856621446027765
2023-03-27,6.686607075850647,1.7689115414464245,0.49890872169225264,-0.001394114944457181
2023-03-28,6.638098840676234,1.7523518605244364,0.4952052572978195,-0.008638537798878465
2023-03-29,6.641585315681886,1.7489860803712076,0.49542855070845904,-0.008117853030168543
2023-03-30,6.647581820687206,1.7452638534896898,0.4958420409658481,-0.007222309876495858
2023-03-31,6.7090129088115535,1.7634496264892572,0.500417079743565,0.0
2023-04-03,6.698915020743679,1.785857886319492,0.4996226625766623,-0.001505122766213729
2023-04-04,6.582447497849228,1.776427254789963,0.49072707585201364,-0.01886498247694468
2023-04-06,6.581739920107725,1.7792223417590107,0.49063023266722183,-0.018970449220133356
2023-04-07,6.587965445241996,1.7971195750268092,0.49106952230025974,-0.018042514631411044
2023-04-10,6.5618719079502155,1.775724233222829,0.48900351295818295,-0.021931840475084563
2023-04-11,6.539138973532991,1.7822293578278652,0.4871846856109992,-0.02532025762768353
2023-04-12,6.5203846808704,1.7990611734678807,0.0,-0.028115645401935563
2023-04-13,6.520923555637414,1.7883490425757644,0.0,-0.0280353243808944
2023-04-14,6.521462474939533,1.798112879942013,0.0,-0.02795499672175228
2023-04-17,6.522001438780436,1.7967635561175714,0.0,-0.02787466242396075
2023-04-18,6.522540447163807,1.7892927474443,0.0,-0.02779432148697103
2023-04-19,6.523079500093324,1.7853284813837393,0.0,-0.027713973910234446
2023-04-20,6.52361859757267,1.7832171256357956,0.0,-0.027633619693202216
2023-04-21,6.523888168589102,1.7305074912603668,0.4999793396967063,-0.027593439264263497
2023-04-24,6.534832076971072,1.7207585102383036,0.5007754714012624,-0.02596221444315816
2023-04-25,6.465823215770668,1.6839377207874924,0.49540561660958116,-0.03624820764936709
2023-04-26,6.520340585294566,1.693321405688084,0.499583238966099,-0.028122217989651976
2023-04-27,6.513761067462115,1.6924792077327029,0.4990363719398373,-0.029102916331103956
2023-04-28,6.578868654172142,1.7255910886319026,0.5039531520315266,-0.019398420663117366
2023-05-04,6.595972247183804,1.7308358436813571,0.5051985300256882,-0.016849074992728585
2023-05-05,6.551907695769596,1.715544250925826,0.5018295979766246,-0.023417038419410008
2023-05-08,6.600321938599782,1.7285460744843812,0.5054428752893777,-0.016200739466310732
2023-05-09,6.59246225438754,1.7018934636052665,0.504812331760294,-0.017372250733179717
2023-05-10,6.646370864887924,1.7081195731929695,0.508788198557927,-0.009336998568203136
2023-05-11,6.667949586541901,1.7142721009812323,0.5103373864184705,-0.006120620548474398
2023-05-12,6.610392163833612,1.6949508278250938,1.0000000000000002,-0.014699739934680212
2023-05-15,6.656172029295383,1.711312505191901,1.0000000000000002,-0.007876103420038194
2023-05-16,6.630217568592627,1.6974966846346555,1.0000000000000002,-0.01174469944981582
2023-05-17,6.721875394522341,1.7112195650951267,1.0000000000000002,0.0
2023-05-18,6.842723399263914,1.7205534952669912,1.0000000000000002,0.0
2023-05-19,6.9426434248114175,1.7228531809600618,1.0000000000000002,0.0
2023-05-22,6.930899692032119,1.7269810632172404,1.0000000000000002,-0.0016915362147693624
2023-05-23,6.840302827987094,1.7073590493931468,1.0000000000000002,-0.014740868940291696
2023-05-24,6.870993836788766,1.7060517577325138,0.5076728016354468,-0.01032021719084586
2023-05-25,6.884248076593888,1.7046394263862927,0.5085800691134738,-0.008411111538414562
2023-05-26,6.951067916510533,1.7162072211448043,0.5132638112435698,0.0
2023-05-29,6.990009177189067,1.7140628304372636,0.5159354109173273,0.0
2023-05-30,7.055809237102345,1.7246083621849517,0.5204099991925,0.0
2023-05-31,7.175815376756273,1.7238990203004445,0.999999999999999,0.0
2023-06-01,7.148192530407277,1.7320250144052438,0.999999999999999,-0.0038494366003996028
2023-06-02,7.254890159335072,1.7437536164040122,0.999999999999999,0.0
2023-06-05,7.246662876611291,1.7504581845293412,0.999999999999999,-0.0011340327066420297
2023-06-06,7.084386322202965,1.7154146455721815,0.999999999999999,-0.023501918483592066
2023-06-07,7.167759151153875,1.7255461720946608,0.999999999999999,-0.012009969312778979
2023-06-08,7.234728995436765,1.7162455254221345,0.999999999999999,-0.002778975760558633
2023-06-09,7.316614949286195,1.731768248173413,0.4664330278646953,0.0
2023-06-12,7.4137352625723905,1.7422594138097818,0.4733792638669044,0.0
2023-06-13,7.40026116758476,1.7511119221879894,0.4723768125995059,-0.0018174502474688214
2023-06-14,7.43526603755709,1.7539965276027873,0.4748174369088278,0.0
2023-06-15,7.483812663501914,1.7644119856063338,0.4781811134029623,0.0
2023-06-16,7.507151481785544,1.7801014935378154,0.4797603932175254,0.0
2023-06-19,7.457671821983316,1.7866907832104706,0.47626546216858573,-0.006591003248339944
2023-06-20,7.419479096088581,1.7830271471232895,0.47352596440854255,-0.01167851560071509
2023-06-21,7.3626128252846454,1.7500674027563163,0.46941581503709995,-0.01925346209565504
2023-06-26,7.311152779705447,1.7151881548263084,0.4656371036285606,-0.026108265239571327
2023-06-27,7.3535707472154215,1.742220079699356,0.4686755881943073,-0.020457924013222994
2023-06-28,7.3452942632289036,1.733799748714017,0.4680329452641397,-0.02156040396272163
2023-06-29,7.308482067442598,1.748835432753066,0.46530928728486937,-0.026464020983854364
2023-06-30,7.311386417170041,1.7687134501478399,0.0,-0.026077143253400936
2023-07-03,7.311990663981377,1.7752871705654085,0.0,-0.025996653761107935
2023-07-04,7.3125949607304666,1.7866074183828733,0.0,-0.02591615761679067
2023-07-05,7.313199307421436,1.77250579948826,0.0,-0.025835654819899467
2023-07-06,7.3138037040584125,1.770892949914626,0.0,-0.025755145369884658
2023-07-07,7.314408150645526,1.7586690058930403,0.0,-0.025674629266196125
2023-07-10,7.315012647186901,1.7602657578052838,0.0,-0.02559410650828431
2023-07-11,7.315617193686669,1.7742292216862328,0.0,-0.025513577095598983
2023-07-12,7.316221790148957,1.7519432453046566,0.0,-0.025433041027590364
2023-07-13,7.316826436577895,1.7721456929831712,0.0,-0.025352498303708226
2023-07-14,7.317431132977612,1.7724058801534484,0.0,-0.025271948923402787
2023-07-17,7.318035879352239,1.765191372267395,0.0,-0.02519139288612371
2023-07-18,7.318640675705904,1.7617985949509054,0.0,-0.025110830191320987
2023-07-19,7.319245522042739,1.7570234591853342,0.0,-0.025030260838444174
2023-07-20,7.319245522042739,1.734097207766596,1.0,-0.025030260838444174
2023-07-21,7.3545320482611505,1.7238940848313016,1.0,-0.020329872641399516
2023-07-24,7.4321609779751014,1.7223907533046212,1.0,-0.009989208822066664
2023-07-25,7.557262963423718,1.751942757752156,1.0,0.0
2023-07-26,7.302839782568299,1.7371683659554606,1.0,-0.033666048420810335
2023-07-27,7.190652809517114,1.7240036736836728,1.0,-0.04851096960380441
2023-07-28,7.1191898498198825,1.7372799507220766,1.0,-0.057967165589454694
2023-07-31,7.237003499817925,1.7535703805509641,1.0,-0.04237770541475294
2023-08-01,7.244390683750407,1.7485663050112525,1.0,-0.04140021078895595
2023-08-02,7.190464318769924,1.7464010288367855,1.0,-0.04853591127224999
2023-08-03,7.157610769539843,1.7470393565847224,1.0,-0.052883192740300955
2023-08-04,7.3457615173059505,1.754234209906926,1.0,-0.027986514051636213
2023-08-07,7.453948773158709,1.7466753907698145,1.0,-0.013670847602503478
2023-08-08,7.368629026966251,1.7415085134271107,1.0,-0.024960615684598286
2023-08-09,7.108245206023405,1.726877570098228,1.0,-0.059415394114708975
2023-08-10,7.121105060416039,1.7296511784689732,1.0,-0.057713739103513184
2023-08-11,7.013201992763669,1.6988491829952006,1.0,-0.0719918009063919
2023-08-14,7.287016597166971,1.705593814874836,1.0,-0.03575982039591685
2023-08-15,7.078036401717241,1.6920952731009526,1.0,-0.06341271489769229
2023-08-16,6.853504802963646,1.6750879678726425,1.0,-0.09312341834155846
2023-08-17,7.010637819347564,1.6943911853660643,0.0,-0.07233110012470878
2023-08-18,7.011217210902882,1.6641625764363308,0.0,-0.07225443327347936
2023-08-21,7.011506930622348,1.652404267083968,0.49997933969670644,-0.0722160966798121
2023-08-22,7.018760462574654,1.6641734990182508,1.0,-0.07125628729016775
2023-08-23,6.816598198041884,1.6354177256250988,1.0,-0.09800701245498089
2023-08-24,6.868355144209378,1.6362973749630814,1.0,-0.09115837606135646
2023-08-25,6.6748884836614275,1.605058437671502,1.0,-0.11675847248307769
2023-08-28,6.7106243225627376,1.6191212007689564,1.0,-0.11202979768715393
2023-08-29,7.10670758293939,1.6738518016452164,1.0,-0.05961885707364745
2023-08-30,7.288877133026782,1.683078544537626,1.0,-0.03551362863723184
2023-08-31,7.346354127656637,1.672790037771038,1.0,-0.027908098049234997
2023-09-01,7.333878784528636,1.6723643903306806,1.0,-0.02955887336145846
2023-09-04,7.53584242255504,1.695650954701973,1.0,-0.0028344310595450617
2023-09-05,7.541530144996557,1.6858235584600678,1.0,-0.0020818143424817803
2023-09-06,7.693164419825506,1.6930677825645635,1.0,0.0
2023-09-07,7.486187445997621,1.6644265333194816,1.0,-0.02690401017486377
2023-09-08,7.487707512355527,1.6681398278419177,1.0,-0.02670642355446229
2023-09-11,7.509682683229771,1.684556281129877,1.0,-0.023849969477175992
2023-09-12,7.507592968989382,1.6826683549480337,1.0,-0.02412160207546088
2023-09-13,7.417345778747075,1.6640822322712716,1.0,-0.03585243029092666
2023-09-14,7.303620063350227,1.652072078822649,1.0,-0.05063512687593319
2023-09-15,7.351153265736027,1.6528146407343924,1.0,-0.04445649870787982
2023-09-18,7.303263441683525,1.6593986730822563,0.4987860934960658,-0.05068148252976312
2023-09-19,7.2455333668485675,1.6424905035427573,0.0,-0.058185556495241486
2023-09-20,7.246132171259052,1.6294930820035365,0.0,-0.05810772059081948
2023-09-21,7.246731025157503,1.6192316582358741,0.0,-0.058029878253678224
2023-09-22,7.2473299285480115,1.6513124921020206,0.0,-0.05795202948328604
2023-09-25,7.247629404991347,1.6458462006504366,0.4999793396967063,-0.05791310188119758
2023-09-26,7.239405957398625,1.6398208131115817,0.49936998101248703,-0.05898203101672084
2023-09-27,7.247054156063055,1.645994455791684,0.4998569915716711,-0.05798787591394927
2023-09-28,7.269915446073671,1.6622394826272644,0.5013885587192164,-0.055016239177354764
2023-10-09,7.229641628344687,1.6598528749208779,0.49856953077737454,-0.06025125243473384
2023-10-10,7.217771940477552,1.6580199821032955,0.4977034153857165,-0.06179414001900885
2023-10-11,7.209527415878267,1.6645863524286428,0.49708744969662877,-0.06286580886025162
2023-10-12,7.204027094201155,1.6740614201168786,0.49666187792973215,-0.06358077104966453
2023-10-13,7.139147067854462,1.6673816578500225,0.49204560307090883,-0.07201423520122952
2023-10-16,7.119558403647446,1.6546410078951679,0.490605928473012,-0.0745604779614304
2023-10-17,7.094589115181804,1.651704960518786,0.4887708776561332,-0.07780612397951059
2023-10-18,7.009254097844981,1.6248381325116832,0.4825040917453504,-0.08889844083119658
2023-10-19,7.006933702714599,1.6063498652128598,0.4822899369339923,-0.08920005860559421
2023-10-20,6.985666687626831,1.5872333511752086,0.4806709152167352,-0.09196446268266845
2023-10-23,6.899957004119659,1.551682938068316,0.9999999999999999,-0.10310548071242687
2023-10-24,7.104163000634836,1.582136790315663,0.9999999999999999,-0.0765616574725475
2023-10-25,7.296524651440394,1.6019625285948096,0.9999999999999999,-0.0515574277033467
2023-10-26,7.288151284525541,1.609849361727811,0.9999999999999999,-0.05264584418035245
2023-10-27,7.422526132010102,1.6325171021628804,0.9999999999999999,-0.03517905936313559
2023-10-30,7.475721080002086,1.655883407931791,0.9999999999999999,-0.028264486231837527
2023-10-31,7.4464418947542335,1.6465873293118134,0.529265037655103,-0.03207035643687295
2023-11-01,7.491293763214878,1.6459188592190914,0.5320447508807756,-0.02624026286119685
2023-11-02,7.421912199172444,1.6279987864655427,0.5276311733001897,-0.035258861744074776
2023-11-03,7.504098650989647,1.6516968889966892,0.5327660439172215,-0.024575812827895782
2023-11-06,7.56085532851711,1.690881567994665,0.5362350801234127,-0.017198266420438424
2023-11-07,7.573224609864432,1.7021102514675912,0.5369542782213268,-0.015590438916395222
2023-11-08,7.5681785012352405,1.7080066485955328,0.5366072471622655,-0.016246359985258252
2023-11-09,7.562079180344268,1.6958304801671744,0.536195162210041,-0.017039183400711866
2023-11-10,7.597859927310379,1.6906486000162568,0.5383412167313703,-0.012388204295949334
2023-11-13,7.6643131480256415,1.7073519085832602,0.5423061939686065,-0.0037502476517353722
2023-11-14,7.711076963547409,1.7203295624173405,1.0,0.0
2023-11-15,7.702825158656093,1.731530937834556,1.0,-0.0010701235288306243
2023-11-16,7.6616378052837515,1.718623886551201,1.0,-0.006411446610813498
2023-11-17,7.714893544131602,1.7325083105943104,1.0,0.0
2023-11-20,7.741828068903045,1.7494926721864592,0.44872286973406844,0.0
2023-11-21,7.753850978781585,1.7395078601468128,0.4495321755696426,0.0
2023-11-22,7.73844415886372,1.7192190810346062,0.4483906403953237,-0.0019869894275793554
2023-11-23,7.752084764526467,1.7352046829988446,0.449315747545094,-0.00022778542687384995
2023-11-24,7.758513564215121,1.7121542125453757,0.4497265779001985,0.0
2023-11-27,7.7337325044284935,1.712656297014281,0.44791772381976497,-0.0031940473624904042
2023-11-28,7.719503212694698,1.7245090033646189,0.4468543647242189,-0.005028070286601238
2023-11-29,7.673357475013335,1.7144272515105956,0.4434818896613652,-0.010975825265622352
2023-11-30,7.6822320892307365,1.7056529633211417,0.4440788465052131,-0.009831970306299342
2023-12-01,7.692813932691327,1.7187158067533954,0.44479766266161413,-0.008468069428507863
2023-12-04,7.6860801380036845,1.7190919261488569,0.44426532376772565,-0.009335992727463105
2023-12-05,7.635767612331487,1.6857390918932382,0.4405573239144587,-0.015820807796196767
2023-12-06,7.636870612475459,1.6922790231357514,0.4405918964730423,-0.015678641370264534
2023-12-07,7.648761486128405,1.6890842658077363,0.4414154000845071,-0.014146018715869735
2023-12-08,7.641140411816833,1.680082904221052,0.4408120723024728,-0.015128304078715793
2023-12-11,7.669441019210898,1.7003126880312067,0.4428294593883475,-0.01148061987222082
2023-12-12,7.689438769988136,1.7076067473910268,0.0,-0.0089030964056801
2023-12-13,7.689756515391854,1.6946859244806363,0.4999793396967069,-0.008862141988176364
2023-12-14,7.623948531265435,1.6875498229426231,0.49562160784640075,-0.017344177056072385
2023-12-15,7.657072498001528,1.6788954417690347,0.4977620100905467,-0.013074806839479258
2023-12-18,7.562048806202921,1.6565659589105886,0.9999999999999999,-0.025322474000478823
2023-12-19,7.648570830950619,1.6586377913921309,0.9999999999999999,-0.014170592389190939
2023-12-20,7.5268811119232915,1.6373159121225567,0.9999999999999999,-0.029855261626427487
2023-12-21,7.735860667611057,1.648156639988459,0.9999999999999999,-0.002919746987173788
2023-12-22,7.78499929977644,1.624670010286715,0.9999999999999999,0.0
2023-12-25,7.851690327735289,1.6235079322249855,0.9999999999999999,0.0
2023-12-26,7.931573669231847,1.6003759161195708,0.9999999999999999,0.0
2023-12-27,8.081890601280342,1.612379274207798,1.0,0.0
2023-12-28,8.45010121943249,1.6411678651544146,1.0,0.0
2023-12-29,8.509933323824276,1.6669290002885626,1.0,0.0
2024-01-02,8.371896619441145,1.6634449199608816,1.0,-0.016220656394179467
2024-01-03,8.338351593932225,1.6554886516709817,1.0,-0.020162523413866595
2024-01-04,8.1205083834051,1.6469896129144268,1.0,-0.04576122110486425
2024-01-05,7.843751824994554,1.6169313327058588,0.9999999999999999,-0.07828281062610576
2024-01-08,7.846679948444576,1.5861045038814634,0.9999999999999999,-0.07793872761880116
2024-01-09,7.940222460090152,1.5940121071588074,0.9999999999999999,-0.06694657197127152
2024-01-10,7.985258612503863,1.5766635909991933,0.9999999999999999,-0.06165438568731696
2024-01-11,8.283612827338638,1.6055704726477171,1.0000000000000002,-0.026594861307788875
2024-01-12,8.101421174620778,1.591388682437529,1.0000000000000002,-0.04800415392913049
2024-01-15,8.23599998832009,1.5885823207697203,1.0000000000000002,-0.032189833348903685
2024-01-16,8.136518912800664,1.583030617480419,1.000000000000001,-0.04387982805672597
2024-01-17,7.978067571792457,1.5414926689943063,1.000000000000001,-0.06249940296744927
2024-01-18,7.960235030372591,1.5379481095918108,1.000000000000001,-0.06459490016364278
2024-01-19,8.014018004694785,1.5171223896884583,1.000000000000001,-0.05827487716515167
2024-01-22,7.5534011235050365,1.4336914120461657,1.000000000000001,-0.11240184428253353
2024-01-23,7.711910720375932,1.4444479230918712,1.000000000000001,-0.0937754237408902
2024-01-24,7.7631337167746866,1.4660056716302112,1.000000000000001,-0.08775622306685538
2024-01-25,8.178291188430892,1.5145697511286835,1.000000000000001,-0.03897117906493153
2024-01-26,8.093965189241079,1.5057812551991065,1.000000000000001,-0.04888030478672023
2024-01-29,7.723005831979821,1.4611832640263627,1.000000000000001,-0.09247164012923403
2024-01-30,7.401663040725012,1.4164610679494305,1.000000000000001,-0.13023254600556833
2024-01-31,7.2846518674764535,1.3554800638966435,1.000000000000001,-0.14398249783197992
2024-02-01,7.118144655266248,1.3405796651209427,1.000000000000001,-0.1635487160236142
2024-02-02,6.824583245274904,1.2904849756457182,1.000000000000001,-0.19804503918157534
2024-02-05,6.1135827688794455,1.1983274483864954,1.0000000000000013,-0.2815945159330503
2024-02-06,6.110098584244103,1.243298210625384,1.0000000000000013,-0.2820039415422485
2024-02-07,5.836575278940575,1.2451749938719998,1.0000000000000013,-0.3141455923514006
2024-02-08,6.1760859537197215,1.3182105818926269,1.0000000000000002,-0.27424978331742644
2024-02-19,6.741697442381443,1.3566680137729126,1.0000000000000002,-0.20778492781988167
2024-02-20,7.032185901282714,1.371160403362612,1.0000000000000002,-0.1736497063266622
2024-02-21,7.359560326452497,1.3892646332400653,1.0,-0.13518002475427304
2024-02-22,7.814383569830939,1.4200477642614913,1.0,-0.08173386647414582
2024-02-23,8.212097354458127,1.455334169073964,1.0,-0.034998625492438595
2024-02-26,8.491564244183479,1.4717356646576472,1.0,-0.0021585456597376096
2024-02-27,8.747806712030867,1.5123142644794572,1.0,0.0
2024-02-28,7.772106671862902,1.427816455456504,1.0,-0.11153653393210938
2024-02-29,8.134574937585336,1.4831973172133144,1.0,-0.07010120303665979
2024-03-01,8.348182457819393,1.5018096277312483,1.0,-0.045682794255372694
2024-03-04,8.34154264759206,1.507455253117038,1.0,-0.046441819968435216
2024-03-05,8.300641159151404,1.4870843933739908,1.0,-0.05111744779002447
2024-03-06,8.843348166114012,1.4995051220111466,1.0,0.0
2024-03-07,8.793779627591555,1.4837935897877539,1.0,-0.0056051777665381275
2024-03-08,8.667655390940023,1.5010013265430413,1.0,-0.01986722357570514
2024-03-11,9.000672685719346,1.5296781883892911,1.0,0.0
2024-03-12,9.372628799725575,1.5457139366595194,1.0,0.0
2024-03-13,9.467566056114292,1.549696393413781,1.0,0.0
2024-03-14,9.401914295426645,1.5394601496266205,1.0,-0.006934386335255449
2024-03-15,9.629494289115781,1.5594425406323214,0.4864420632908463,0.0
2024-03-18,9.895852502379427,1.5907293488841816,0.5002237634173464,0.0
2024-03-19,9.851545131448818,1.5851249202158024,0.49793452783875597,-0.004477367757851569
2024-03-20,10.044691433783136,1.6027302583535639,0.0,0.0
2024-03-21,10.045521573571051,1.604188763094649,0.0,0.0
2024-03-22,10.04635178196556,1.5827778684332603,0.0,0.0
2024-03-25,10.047182058972334,1.5430691717595961,0.0,0.0
2024-03-26,10.048012404597044,1.5413022420421154,0.0,0.0
2024-03-27,10.048842818845358,1.4878372674947393,0.0,0.0
2024-03-28,10.04967330172295,1.524435891922087,0.0,0.0
2024-03-29,10.050503853235487,1.5416264936196626,0.0,0.0
2024-04-01,10.051334473388646,1.5755560778663906,0.0,0.0
2024-04-02,10.052165162188102,1.567873436199628,0.0,0.0
2024-04-03,10.052995919639521,1.5513722481975039,0.0,0.0
2024-04-08,10.053826745748582,1.5180619084190137,0.0,0.0
2024-04-09,10.054657640520958,1.5374223838408712,0.0,0.0
2024-04-10,10.055488603962324,1.5061042145442436,0.0,0.0
2024-04-11,10.056319636078355,1.5084082114442217,0.0,0.0
2024-04-12,10.057150736874725,1.4962723683770691,0.0,0.0
2024-04-15,10.057981906357112,1.4565884271533338,0.0,0.0
2024-04-16,10.058813144531191,1.3691195367698026,0.0,0.0
2024-04-17,10.059644451402638,1.447518510953494,0.0,0.0
2024-04-18,10.060475826977136,1.4461876731227312,0.0,0.0
2024-04-19,10.061307271260356,1.438538190557331,0.0,0.0
2024-04-22,10.06213878425798,1.4282467506682757,0.0,0.0
2024-04-23,10.062970365975689,1.4318951010463106,0.0,0.0
2024-04-24,10.063802016419158,1.4587592372163216,0.0,0.0
2024-04-25,10.064633735594068,1.4624838309052552,0.0,0.0
2024-04-26,10.065465523506102,1.4873430060490167,0.0,0.0
2024-04-29,10.066297380160936,1.5257593730616406,0.0,0.0
2024-04-30,10.067129305564256,1.5140236281805801,0.0,0.0
2024-05-06,10.067961299721741,1.5480726783804366,0.0,0.0
2024-05-07,10.068793362639074,1.5585882530471924,0.0,0.0
2024-05-08,10.069625494321935,1.5378007817877883,0.0,0.0
2024-05-09,10.07045769477601,1.5595433701860675,0.0,0.0
2024-05-10,10.071289964006983,1.5459673426749934,0.0,0.0
2024-05-13,10.072122302020537,1.524593876364973,0.0,0.0
2024-05-14,10.072954708822357,1.5347876541908867,0.0,0.0
2024-05-15,10.073787184418126,1.5218377048506715,0.0,0.0
2024-05-16,10.074619728813532,1.5264196486953485,0.0,0.0
2024-05-17,10.075452342014263,1.5470848385962355,0.0,0.0
2024-05-20,10.076285024025998,1.555561651161977,0.0,0.0
2024-05-21,10.077117774854429,1.5415597840098925,0.0,0.0
2024-05-22,10.077950594505243,1.5484388314440212,0.0,0.0
2024-05-23,10.078783482984127,1.5158355222418818,0.0,0.0
2024-05-24,10.07961644029677,1.49924748176751,0.0,0.0
2024-05-27,10.080449466448862,1.5106493155571026,0.0,0.0
2024-05-28,10.08128256144609,1.495842720901677,0.0,0.0
2024-05-29,10.082115725294143,1.4992383475029978,0.0,0.0
2024-05-30,10.082948957998713,1.4902854024895476,0.0,0.0
2024-05-31,10.08378225956549,1.4993899554402377,0.0,0.0
2024-06-03,10.084615630000165,1.478944405055747,0.0,0.0
2024-06-04,10.085449069308428,1.4762874795215044,0.0,0.0
2024-06-05,10.086282577495973,1.4504856545663225,0.0,0.0
2024-06-06,10.086699366032239,1.4083450734800709,0.4999793396967066,0.0
2024-06-07,10.215772112736252,1.4238456304705878,0.5062561258607757,0.0
2024-06-11,10.258663935025396,1.434904336097077,0.5082798510951384,0.0
2024-06-12,10.44314796323382,1.4512396452305718,0.5169264414008888,0.0
2024-06-13,10.387881234447624,1.4454360118796967,0.514316205389368,-0.005292152230416347
2024-06-14,10.338571327580091,1.448695601868841,0.5119594016590773,-0.010013899642320578
2024-06-17,10.269726589909565,1.4467753344603798,0.508647139943197,-0.016606235393274327
2024-06-18,10.430046169825859,1.4640860151639519,0.5161597101778597,-0.0012545827612600036
2024-06-19,10.431256243584214,1.4523828763815807,0.5161758557173197,-0.0011387102520687975
2024-06-20,10.283640044285528,1.4229744112216463,0.5091902572672232,-0.015273930763966548
2024-06-21,10.294435732030319,1.4202528314929885,0.5096644450453575,-0.014240172764673709
2024-06-24,10.02289003272222,1.3740473711136965,0.49633838057480434,-0.0402424567755969
2024-06-25,10.083245394801382,1.3667267144511583,0.4993117761596271,-0.03446303448917043
2024-06-26,10.229638900875077,1.4031414551340033,0.5064361985069165,-0.02044489488326917
2024-06-27,10.078653687522365,1.3758099252158715,0.4990008694217974,-0.034902720615919036
2024-06-28,10.096941412296905,1.3857799659196366,0.4998669563227645,-0.033151550869122026
2024-07-01,10.166264423642257,1.3969029762001468,0.5032362753991036,-0.026513417272872042
2024-07-02,10.202650448161629,1.389535276320799,0.5049669906342413,-0.023029216469869662
2024-07-03,10.131596288427021,1.3732925876768352,0.5014540631057297,-0.029833118893234922
2024-07-04,9.931201380404346,1.3425039671161387,0.4913522127040679,-0.04902224737520089
2024-07-05,10.059895320284268,1.352918116041688,0.4999793396967065,-0.03669895746941754
2024-07-08,9.938082737748239,1.3203860449081462,0.4938086803349551,-0.048363312218089316
2024-07-09,9.978146370008567,1.3511711569697944,0.49579944219197364,-0.0445269563222066
2024-07-10,9.967068873050588,1.3442570914069982,0.4951973530252875,-0.04558769940436713
2024-07-11,10.087126051343695,1.3804547346636085,0.5011643016561707,-0.03409143614009269
2024-07-12,10.09314723156818,1.3740855681483064,0.501420686191989,-0.03351486859114261
2024-07-15,10.06805228081793,1.3572511682649309,0.5001366532820728,-0.0359178749297101
2024-07-16,10.043216288162858,1.3625910066958478,0.498859121906411,-0.038296084330027846
2024-07-17,10.142325875688893,1.3440131102106265,0.5037151983564498,-0.028805690449278498
2024-07-18,10.14993502998025,1.3452996283696363,0.5040462662258477,-0.028077063954839665
2024-07-19,10.195865761952176,1.3534458755612109,0.506239654594817,-0.02367889473099749
2024-07-22,10.094973535187595,1.3587758929863865,0.5012636494982505,-0.0333399880258336
2024-07-23,9.879050137232106,1.3269092903794881,0.49032080181629617,-0.05401607139798059
2024-07-24,9.794232016226447,1.3072447025168104,0.4858644891997427,-0.062137963504103166
2024-07-25,9.807635024344746,1.3096688392899534,0.486524668766031,-0.06085453745618297
2024-07-26,9.834447331158747,1.3302679384798828,0.4878822703770662,-0.05828708299624452
2024-07-29,9.76827162160915,1.3327247217638412,0.48437028929811116,-0.0646238417765066
2024-07-30,9.771192545185787,1.3369380057172282,0.4844818263081593,-0.06434414416167622
2024-07-31,10.012822250618365,1.3851328878677809,0.4968807485667485,-0.041206513029448666
2024-08-01,9.907807280085061,1.3859178220508312,0.49150605908769646,-0.05126238611513312
2024-08-02,9.882765685050167,1.3644556552776521,0.49997933969670694,-0.05366028329355632
2024-08-05,9.833766768174359,1.3260903438612552,0.49744634628946294,-0.0583522513714112
2024-08-06,9.905108803131556,1.3482497736609118,0.5010247795668643,-0.05152078300494123
2024-08-07,9.957528569343102,1.3484873885446511,0.5036105317535823,-0.04650124613769624
2024-08-08,9.928095560921347,1.3405234730411235,0.5020977811769525,-0.04931964998731864
2024-08-09,9.945398514502426,1.3299203042921914,0.5029229515633292,-0.0476627785495114
2024-08-12,9.997265491689252,1.3186093749220107,0.5054609775409589,-0.04269617486167421
2024-08-13,9.977888111461874,1.3280491464469086,0.5044596164575615,-0.04455168627409478
2024-08-14,9.90313378774334,1.3214137623631637,0.500677741043985,-0.05170990369873685
2024-08-15,10.005595336090472,1.335426444419793,0.5057501694561386,-0.04189853755628059
2024-08-16,10.007340876064,1.3295904401868388,0.5057955394854198,-0.04173139064045861
2024-08-19,10.01854287164135,1.3246399134632638,0.5063073247801795,-0.04065872599788267
2024-08-20,9.824604633473943,1.302782126551942,0.49652019763771427,-0.05922958593879191
2024-08-21,9.780569349881876,1.29847642849068,0.49421157163665747,-0.06344625353242339
2024-08-22,9.752655728512883,1.277342444931278,0.49272200595340976,-0.06611916609358459
2024-08-23,9.769393181704116,1.2747531514257155,0.493549250095439,-0.06451644503187426
2024-08-26,9.772273644098645,1.2828860898715868,0.4936566877489156,-0.06424062184094848
2024-08-27,9.835691718105986,1.2620682896858666,0.49687988572768116,-0.058167924773875224
2024-08-28,9.846362633473893,1.2643547602123666,1.0,-0.05714611454907759
2024-08-29,9.907502835513407,1.2833538768387072,1.0,-0.05129153868222558
2024-08-30,10.103897175654508,1.3119617721969532,0.9999999999999994,-0.032485490847556586
2024-09-02,9.902878118652293,1.2866349883099042,0.9999999999999994,-0.0517343856932414
2024-09-03,9.872379129726482,1.3003406847701326,0.9999999999999994,-0.054654864176662765
2024-09-04,9.797368535351378,1.2924928875374893,0.9999999999999994,-0.061837621199658854
2024-09-05,9.997119304915737,1.3033166687641484,0.9999999999999994,-0.04271017320527992
2024-09-06,10.084207569588596,1.2805770638118428,0.9999999999999994,-0.03437089993447473
2024-09-09,9.82382766817273,1.2744626321937724,0.9999999999999994,-0.059303985468890374
2024-09-10,9.797591769400539,1.280027339934101,0.9999999999999994,-0.06181624507342309
2024-09-11,9.683558163357263,1.2748436784483794,0.9999999999999994,-0.07273571173661142
2024-09-12,9.75674587892416,1.2703807872292552,0.9999999999999994,-0.06572750733075972
2024-09-13,9.772968217024847,1.2533892102969246,0.9999999999999994,-0.06417411192184674
2024-09-18,9.684348259582343,1.2491728124838097,0.9999999999999994,-0.07266005483431903
2024-09-19,10.051798491414994,1.2736916141444334,0.9999999999999994,-0.03747428200736136
2024-09-20,10.124205768866826,1.2722326744520864,0.9999999999999994,-0.030540809676341096
2024-09-23,10.195902636396712,1.274951766941308,0.9999999999999994,-0.023675363760770285
2024-09-24,10.608860822637945,1.3219430321553045,0.9999999999999994,0.0
2024-09-25,10.792274054997147,1.3389533587993818,0.9999999999999996,0.0
2024-09-26,11.21904453314849,1.388580220195883,0.9999999999999996,0.0
2024-09-27,11.73795802125723,1.4634867967847922,0.45325524756222973,0.0
2024-09-30,12.163999580751645,1.6288328413221327,0.47236126608291307,0.0
2024-10-08,12.351624960307971,1.7705445627452299,0.0,0.0
2024-10-09,12.352645755759236,1.613932730201819,0.0,0.0
2024-10-10,12.353666635573761,1.6121517688536815,0.0,0.0
2024-10-11,12.354687599758519,1.5468770987244171,0.0,0.0
2024-10-14,12.355708648320483,1.5983485259119945,0.0,0.0
2024-10-15,12.356729781266624,1.5719341844077104,0.0,0.0
2024-10-16,12.35775099860392,1.57760141083277,0.0,0.0
2024-10-17,12.358772300339341,1.5707025219795048,0.0,0.0
2024-10-18,12.359793686479865,1.6256868065036933,0.0,0.0
2024-10-21,12.360815157032468,1.656518140755351,0.0,0.0
2024-10-22,12.361836712004123,1.6726983457884244,0.0,0.0
2024-10-23,12.36285835140181,1.6780742226993708,0.0,0.0
2024-10-24,12.363880075232503,1.6709114717885927,0.0,0.0
2024-10-25,12.364901883503185,1.7079238403301558,0.0,0.0
2024-10-28,12.365923776220829,1.748530383139612,0.0,0.0
2024-10-29,12.366945753392416,1.714641506045171,0.0,0.0
2024-10-30,12.36796781502493,1.7173229599744086,0.0,0.0
2024-10-31,12.368989961125346,1.744047951609175,0.0,0.0
2024-11-01,12.370012191700644,1.6899929886649774,0.0,0.0
2024-11-04,12.371034506757809,1.7246668420543385,0.0,0.0
2024-11-05,12.372056906303824,1.7787551186031099,0.0,0.0
2024-11-06,12.373079390345668,1.7913002676163872,0.0,0.0
2024-11-07,12.374101958890325,1.834141003439035,0.0,0.0
2024-11-08,12.375124611944777,1.838528395246563,0.0,0.0
2024-11-11,12.376147349516012,1.8809271788989976,0.0,0.0
2024-11-12,12.377170171611013,1.8610229204172588,0.0,0.0
2024-11-13,12.378193078236766,1.8633619723472705,0.0,0.0
2024-11-14,12.379216069400256,1.8079757322153254,0.0,0.0
2024-11-15,12.38023914510847,1.7709781180241593,0.0,0.0
2024-11-18,12.381262305368399,1.730173504144501,0.0,0.0
2024-11-19,12.382285550187024,1.774928657478437,0.0,0.0
2024-11-20,12.383308879571338,1.8132221542898994,0.0,0.0
2024-11-21,12.384332293528328,1.8184900500311143,0.0,0.0
2024-11-22,12.385355792064983,1.7539307258960746,0.0,0.0
2024-11-25,12.386379375188293,1.776439800609289,0.0,0.0
2024-11-26,12.38740304290525,1.7594477436640141,0.0,0.0
2024-11-27,12.388426795222845,1.7905521280701864,0.0,0.0
2024-11-28,12.389450632148069,1.79227775298735,0.0,0.0
2024-11-29,12.390474553687916,1.8208132706406943,0.0,0.0
2024-12-02,12.391498559849378,1.8610372482759396,0.0,0.0
2024-12-03,12.39252265063945,1.8647446560269194,0.0,0.0
2024-12-04,12.393546826065123,1.8394500153514812,0.0,0.0
2024-12-05,12.394571086133391,1.8636461372629625,0.0,0.0
2024-12-06,12.395595430851253,1.883699653918671,0.0,0.0
2024-12-09,12.396619860225703,1.8801341808875585,0.0,0.0
2024-12-10,12.397644374263738,1.896099372152017,0.0,0.0
2024-12-11,12.398668972972356,1.9238342044159429,0.0,0.0
2024-12-12,12.399693656358552,1.9429725646848628,0.0,0.0
2024-12-13,12.400718424429325,1.9086737638618665,0.0,0.0
2024-12-16,12.401743277191674,1.8962199401875737,0.0,0.0
2024-12-17,12.402768214652598,1.8318615246308647,0.0,0.0
2024-12-18,12.4037932368191,1.8438521941022403,0.0,0.0
2024-12-19,12.404818343698174,1.8455478241299432,0.0,0.0
2024-12-20,12.405843535296828,1.8647798963899969,0.0,0.0
2024-12-23,12.406868811622058,1.7917498646132326,0.0,0.0
2024-12-24,12.407894172680871,1.810018618357634,0.0,0.0
2024-12-25,12.408919618480267,1.7766310166233277,0.0,0.0
2024-12-26,12.409945149027248,1.7989400159347828,0.0,0.0
2024-12-27,12.41097076432882,1.8106118974542555,0.0,0.0
2024-12-30,12.411996464391986,1.794195578719159,0.0,0.0
2024-12-31,12.413022249223754,1.7471996309054514,0.0,0.0
2025-01-02,12.414048118831127,1.714334316741892,0.0,0.0
2025-01-03,12.414561096026123,1.651442571300889,0.49997933969670644,0.0
2025-01-06,12.34229310444685,1.6432922193528805,1.0000000000000002,-0.005821228074056273
2025-01-07,12.72391895502786,1.6794967141113322,1.0000000000000002,0.0
2025-01-08,12.787755918536782,1.6785362480444728,1.0000000000000002,0.0
2025-01-09,12.928349033585137,1.6841394268672456,1.0000000000000002,0.0
2025-01-10,12.492329162388796,1.6377682675149534,1.0000000000000002,-0.03372587405117644
2025-01-13,12.609103599130474,1.6394956690726814,1.0000000000000002,-0.024693441801836413
2025-01-14,13.486073976705978,1.7163007921495843,1.0000000000000002,0.0
2025-01-15,13.464882648143359,1.708294811873279,1.0000000000000002,-0.0015713489781549184
2025-01-16,13.627915447585654,1.7194882554582769,1.0000000000000002,0.0
2025-01-17,13.500596012806234,1.7215082014383145,1.0000000000000002,-0.00934254657428002
2025-01-20,13.662685918592986,1.7360281337785315,1.0000000000000002,0.0
2025-01-21,13.518919000371964,1.7373894166337185,1.0000000000000002,-0.01052259556266133
2025-01-22,13.043641650440835,1.717946191390258,1.0000000000000002,-0.045309119439664536
2025-01-23,12.927653588511506,1.7128867977539317,1.0000000000000002,-0.05379852354515491
2025-01-24,13.02333857776632,1.7356512535368778,1.0000000000000002,-0.046795142963551806
2025-01-27,12.815000618775292,1.7126803466414033,1.0000000000000002,-0.06204382541386788
2025-02-05,13.38156834843241,1.7305562472402658,1.0000000000000002,-0.02057557143855704
2025-02-06,13.822935742564,1.7732072200892677,1.0000000000000002,0.0
2025-02-07,14.298908647825792,1.7993025517261159,1.0000000000000002,0.0
2025-02-10,14.795959548528218,1.8306800664912386,0.5434559579481762,0.0
2025-02-11,14.671377212954106,1.8247031154651654,0.0,-0.008420024072484433
2025-02-12,14.672589723467574,1.8476383064578175,0.0,-0.008338075314143212
2025-02-13,14.67380233418852,1.8308726882398991,0.0,-0.008256119783177529
2025-02-14,14.67501504512523,1.8366129957493031,0.0,-0.008174157479027389
2025-02-17,14.676227856285983,1.8582628042158957,0.0,-0.008092188401133127
2025-02-18,14.677440767679066,1.813290192474235,0.0,-0.008010212548934748
2025-02-19,14.678653779312759,1.855592232152014,0.0,-0.007928229921872698
2025-02-20,14.679866891195347,1.8727057412031367,0.0,-0.007846240519386871
2025-02-21,14.681080103335114,1.8949912880116135,0.0,-0.007764244340917492
2025-02-24,14.682293415740348,1.8996123332677324,0.0,-0.007682241385904343
2025-02-25,14.683506828419334,1.892575190476903,0.0,-0.007600231653787537
2025-02-26,14.68472034138036,1.920550668321097,0.0,-0.007518215144006857
2025-02-27,14.685933954631714,1.9165798660635018,0.0,-0.0074361918560021945
2025-02-28,14.687147668181685,1.8515754604237913,0.0,-0.0073541617892133315
2025-03-03,14.688361482038559,1.8588030628997163,0.0,-0.0072721249430802715
2025-03-04,14.689575396210628,1.8829243038374484,0.0,-0.007190081317042574
2025-03-05,14.690789410706182,1.8907626923535812,0.0,-0.007108030910539798
2025-03-06,14.692003525533513,1.9260136300969841,0.0,-0.007025973723011836
2025-03-07,14.693217740700913,1.916902623239266,0.0,-0.0069439097538980254
2025-03-10,14.694432056216673,1.9252153430915584,0.0,-0.006861839002638037
2025-03-11,14.69564647208909,1.9335097812225832,0.0,-0.006779761468671208
2025-03-12,14.696860988326451,1.942990187773787,0.0,-0.006697677151437209
2025-03-13,14.698075604937056,1.918397365337662,0.0,-0.006615586050375377
2025-03-14,14.699290321929201,1.9508316144337354,0.0,-0.006533488164924939
2025-03-17,14.70050513931118,1.9611273865635306,0.0,-0.006451383494525342
2025-03-18,14.701720057091288,1.9720828631420588,0.0,-0.006369272038615703
2025-03-19,14.702935075277823,1.963285821554403,0.0,-0.006287153796635581
2025-03-20,14.704150193879086,1.9615113663418906,0.0,-0.006205028768023757
2025-03-21,14.705365412903374,1.9279495055999398,0.0,-0.006122896952219348
2025-03-24,14.706580732358987,1.900655762979183,0.0,-0.00604075834866169
2025-03-25,14.707796152254222,1.8908600740546788,0.0,-0.005958612956789677
2025-03-26,14.709011672597384,1.9067166113588112,0.0,-0.005876460776042203
2025-03-27,14.710227293396771,1.8975372738197354,0.0,-0.005794301805858493
2025-03-28,14.711443014660688,1.8733119638194122,0.0,-0.0057121360456772186
2025-03-31,14.712658836397438,1.853318718654202,0.0,-0.005629963494937162
2025-04-01,14.71387475861532,1.8711975476583445,0.0,-0.005547784153077329
2025-04-02,14.715090781322646,1.874983071347311,0.0,-0.005465598019536166
2025-04-03,14.716306904527714,1.8600062963542885,0.0,-0.005383405093752569
2025-04-07,14.716306904527714,1.6407976316826776,1.0,-0.005383405093752569
2025-04-08,14.958016563663858,1.6477929771894966,1.0,0.0
2025-04-09,15.705059495020182,1.6893534254078468,1.0,0.0
2025-04-10,16.646563170644253,1.7352384754085823,1.0,0.0
2025-04-11,16.974337996300303,1.7504646174195186,1.0,0.0
2025-04-14,17.41218437817905,1.7820857801686492,1.0,0.0
2025-04-15,17.48161334977108,1.7803741166304365,1.0,0.0
2025-04-16,17.059523062728434,1.75539641839377,1.0,-0.024144813101484863
2025-04-17,17.0587082683683,1.7639142203101317,1.0,-0.024191421749315767
2025-04-18,16.965062806364543,1.7604395823169363,1.0,-0.02954821921017392
2025-04-21,17.309425194024907,1.7938344350464333,1.0,-0.009849671898184864
2025-04-22,16.915774333350377,1.795068748633163,1.0,-0.03236766567818594
2025-04-23,17.18625895295892,1.8067261033668476,1.0,-0.016895145253629007
2025-04-24,16.784175702320486,1.7929673486696467,1.0,-0.039895496685363296
2025-04-25,16.662941701553,1.7971165851819562,1.0,-0.04683044017952742
2025-04-28,16.180687696194827,1.7745208658836498,1.0,-0.07441679595283401
2025-04-29,16.404062904121876,1.7868201995091633,1.0,-0.06163907324167628
2025-04-30,17.337656831485475,1.8024967388838482,1.0,-0.008234738716921153
2025-05-06,18.055862961811858,1.8527660179453784,1.0,0.0
2025-05-07,17.96573764042365,1.8654073143683618,1.0,-0.004991471278820714
2025-05-08,18.18209806456223,1.8837370859810179,0.0,0.0
2025-05-09,18.183600717294837,1.8611197965892312,0.0,0.0
2025-05-12,18.18510349421362,1.886992200580282,0.0,0.0
2025-05-13,18.186606395328845,1.8850830891860033,0.0,0.0
2025-05-14,18.188109420650775,1.889525410680071,0.0,0.0
2025-05-15,18.189612570189674,1.8680927805067868,0.0,0.0
2025-05-16,18.191115843955803,1.87825382720377,0.0,0.0
2025-05-19,18.192619241959434,1.8930002651530207,0.0,0.0
2025-05-20,18.194122764210835,1.9103276130846885,0.0,0.0
2025-05-21,18.195626410720273,1.901800549703684,0.0,0.0
2025-05-22,18.19713018149802,1.8806337320402235,0.0,0.0
2025-05-23,18.198634076554345,1.8612148340103911,0.0,0.0
2025-05-26,18.200138095899515,1.8777659693176594,0.0,0.0
2025-05-27,18.201642239543805,1.8801394692106377,0.0,0.0
2025-05-28,18.203146507497486,1.8748587905098895,0.0,0.0
2025-05-29,18.204650899770833,1.9066763276414234,0.0,0.0
2025-05-30,18.206155416374116,1.8811464216273561,0.0,0.0
2025-06-03,18.20766005731762,1.8976329958732217,0.0,0.0
2025-06-04,18.209164822611616,1.9173236961454057,0.0,0.0
2025-06-05,18.210669712266373,1.9253150949301645,0.0,0.0
2025-06-06,18.212174726292183,1.9241444556173177,0.0,0.0
2025-06-09,18.213679864699312,1.9492666412244872,0.0,0.0
2025-06-10,18.21518512749805,1.9345550378721497,0.0,0.0
2025-06-11,18.216690514698666,1.9449383400399043,0.0,0.0
2025-06-12,18.218196026311453,1.9498678735216808,0.0,0.0
2025-06-13,18.219701662346687,1.9166323122044167,0.0,0.0
2025-06-16,18.22120742281465,1.9329685962405165,0.0,0.0
2025-06-17,18.222713307725623,1.9306938506583853,0.0,0.0
2025-06-18,18.2242193170899,1.9252235756691543,0.0,0.0
2025-06-19,18.225725450917757,1.893214579651183,0.0,0.0
2025-06-20,18.227231709219488,1.8799700688026195,0.0,0.0
2025-06-23,18.228738092005376,1.9094494121227552,0.0,0.0
2025-06-24,18.230244599285708,1.945563899110116,0.0,0.0
2025-06-25,18.231751231070774,1.9661849039320594,0.0,0.0
2025-06-26,18.233257987370862,1.9624133728424498,0.0,0.0
2025-06-27,18.234764868196265,1.97217589321459,0.0,0.0
2025-06-30,18.23627187355727,1.9993773078930104,0.0,0.0
2025-07-01,18.23777900346418,2.0065319785182734,0.0,0.0
2025-07-02,18.239286257927272,1.995042747065881,0.0,0.0
2025-07-03,18.24079363695685,2.007766438723442,0.0,0.0
2025-07-04,18.24230114056321,1.9921847485135271,0.0,0.0
2025-07-07,18.243808768756647,2.003474125288443,0.0,0.0
2025-07-08,18.24531652154745,2.028349342811269,0.0,0.0
2025-07-09,18.24682439894593,2.0252650237210883,0.0,0.0
2025-07-10,18.248332400962372,2.0292316903226424,0.0,0.0
2025-07-11,18.249840527607077,2.038607712904497,0.0,0.0
2025-07-14,18.251348778890353,2.04844113857555,0.0,0.0
2025-07-15,18.25285715482249,2.033220333180231,0.0,0.0
2025-07-16,18.2543656554138,2.043193502327539,0.0,0.0
2025-07-17,18.25587428067458,2.064339802480771,0.0,0.0
2025-07-18,18.25738303061513,2.0692493334521407,0.0,0.0
2025-07-21,18.25889190524576,2.096086337035639,0.0,0.0
2025-07-22,18.26040090457677,2.103741347847889,0.0,0.0
2025-07-23,18.26191002861847,2.0894804534270515,0.0,0.0
2025-07-24,18.263419277381168,2.1162408929126206,0.0,0.0
2025-07-25,18.264928650875166,2.119435362778248,0.0,0.0
2025-07-28,18.266438149110776,2.1299581908935052,0.0,0.0
2025-07-29,18.267947772098307,2.137076038820841,0.0,0.0
2025-07-30,18.269457519848068,2.126269753939622,0.0,0.0
2025-07-31,18.27096739237037,2.1046497156834807,0.0,0.0
2025-08-01,18.272477389675526,2.113361695443274,0.0,0.0
2025-08-04,18.273987511773843,2.138760542285175,0.0,0.0
2025-08-05,18.275497758675645,2.1577891579783084,0.0,0.0
2025-08-06,18.277008130391234,2.175673182287769,0.0,0.0
2025-08-07,18.27851862693094,2.175902707467557,0.0,0.0
2025-08-08,18.280029248305066,2.175144602022131,0.0,0.0
2025-08-11,18.281539994523936,2.208099264156798,0.0,0.0
2025-08-12,18.283050865597865,2.208629741665818,0.0,0.0
2025-08-13,18.28456186153717,2.2262738782978873,0.0,0.0
2025-08-14,18.286072982352174,2.1882629131104387,0.0,0.0
2025-08-15,18.287584228053195,2.2286375078766345,0.0,0.0
2025-08-18,18.28909559865055,2.264428420430946,0.0,0.0
2025-08-19,18.290607094154574,2.2749604699579566,0.0,0.0
2025-08-20,18.29211871457558,2.291997487720322,0.0,0.0
2025-08-21,18.293630459923893,2.284724132884007,0.0,0.0
2025-08-22,18.295142330209835,2.3025878585124517,0.0,0.0
2025-08-25,18.296654325443736,2.3286810209688014,0.0,0.0
2025-08-26,18.298166445635925,2.3337758113808067,0.0,0.0
2025-08-27,18.29967869079672,2.2789087403545256,0.0,0.0
2025-08-28,18.301191060936453,2.2954202313553402,0.0,0.0
2025-08-29,18.30270355606546,2.290452356479839,0.0,0.0
2025-09-01,18.304216176194057,2.312837644029365,0.0,0.0
2025-09-02,18.305728921332587,2.2732625730895966,0.0,0.0
2025-09-03,18.307241791491375,2.230422938069286,0.0,0.0
2025-09-04,18.30875478668075,2.209588202261471,0.0,0.0
2025-09-05,18.310267906911054,2.2631520412994335,0.0,0.0
2025-09-08,18.31178115219262,2.293308097869061,0.0,0.0
2025-09-09,18.313294522535777,2.270452209845189,0.0,0.0
2025-09-10,18.314808017950863,2.274554121439058,0.0,0.0
2025-09-11,18.316321638448212,2.311519989518448,0.0,0.0
2025-09-12,18.31783538403817,2.3114196984768944,0.0,0.0
2025-09-15,18.319349254731062,2.310258282168326,0.0,0.0
2025-09-16,18.32086325053724,2.3362540730758905,0.0,0.0
2025-09-17,18.322377371467034,2.3455403097510272,0.0,0.0
2025-09-18,18.32313449449891,2.3149150099743454,0.49997933969670655,0.0
2025-09-19,18.334851556160412,2.303292591242095,0.5002575850530513,0.0
2025-09-22,18.25151490298703,2.308308766707535,0.49793426511401007,-0.0045452592249312085
2025-09-23,18.364704578663847,2.2810403578081226,0.5009874776879542,0.0
2025-09-24,18.33718356198515,2.317075767851718,0.5001972415400768,-0.0014985820523718552
2025-09-25,18.264306304191464,2.305970521687592,0.49816148448479236,-0.005466914757181862
2025-09-26,18.296359520594134,2.284590942516212,0.4989992489579591,-0.0037215441052679266
2025-09-29,18.25978826392614,2.3061743162918567,0.4979543415402504,-0.005712932341944588
2025-09-30,18.161328161068308,2.3182234506246133,0.4951908271937185,-0.011074309239464841
2025-10-09,18.162807896148383,2.339116114583009,0.49519023793870054,-0.010993734293446189
2025-10-10,18.226697729828757,2.3274487197873226,0.4969181682099438,-0.007514787305396009
2025-10-13,18.331261056630645,2.32003988823888,0.4997464569029777,-0.001821075960680485
2025-10-14,18.56712548012714,2.290663273767973,0.5060605274052234,0.0
2025-10-15,18.63416876173528,2.3249143333652853,0.5077969819097927,0.0
2025-10-16,18.752675322593156,2.300416281028563,0.5108670125275382,0.0
2025-10-17,18.732233254291124,2.244941481487334,0.510292764281214,-0.0010900881047838373
2025-10-20,18.72809457632192,2.272933275912008,0.5101440644044821,-0.001310786106429429
2025-10-21,18.73087712143211,2.310191644550453,0.5101763564734728,-0.001162404872161571
2025-10-22,18.8419231556339,2.3041668854222435,0.5130229195608347,0.0
2025-10-23,18.888616982102935,2.3070120864797437,0.5141866103975855,0.0
2025-10-24,18.79410605080698,2.3241891029122836,0.0,-0.005003591919170325
2025-10-27,18.79565928271201,2.3447186566768066,0.0,-0.0049213608110643126
2025-10-28,18.797212642983308,2.3454030299259605,0.0,-0.0048391229069991715
2025-10-29,18.798766131631485,2.356295944214826,0.0,-0.004756878206413129
2025-10-30,18.80031974866716,2.328889980171017,0.0,-0.0046746267087440785
2025-10-31,18.801873494100935,2.347137537216552,0.0,-0.004592368413430692
2025-11-03,18.80342736794342,2.364821387223276,0.0,-0.004510103319911196
2025-11-04,18.804981370205233,2.3455105974915176,0.0,-0.004427831427623707
2025-11-05,18.806535500896988,2.3618920201949107,0.0,-0.004345552736006009
2025-11-06,18.808089760029294,2.3755173923408077,0.0,-0.004263267244496549
2025-11-07,18.809644147612765,2.3717255093268217,0.0,-0.004180974952533445
2025-11-10,18.811198663658022,2.388359103462364,0.0,-0.004098675859554257
2025-11-11,18.812753308175683,2.392840022145645,0.0,-0.004016369964997102
2025-11-12,18.81430808117636,2.3796881241852277,0.0,-0.003934057268299873
2025-11-13,18.81586298267067,2.407475412311531,0.0,-0.003851737768900687
2025-11-14,18.81741801266924,2.395806729503799,0.0,-0.0037694114662368827
2025-11-17,18.81897317118268,2.4024256102394905,0.0,-0.003687078359746687
2025-11-18,18.82052845822162,2.374064009463803,0.0,-0.0036047384488673284
2025-11-19,18.82208387379668,2.3480963600360227,0.0,-0.0035223917330367005
2025-11-20,18.823639417918482,2.3307854794072966,0.0,-0.0034400382116922534
2025-11-21,18.82519509059765,2.244679445436306,0.0,-0.0033576778842716593
2025-11-24,18.826750891844807,2.278084554727323,0.0,-0.003275310750212479
2025-11-25,18.82830682167058,2.3097994494069387,0.0,-0.0031929368089521626
2025-11-26,18.829862880085596,2.30333997267826,0.0,-0.003110556059927938
2025-11-27,18.831419067100477,2.309886605946852,0.0,-0.0030281685025776994
2025-11-28,18.83297538272586,2.3384380470597392,0.0,-0.0029457741363381196
2025-12-01,18.834531826972363,2.3544160344103826,0.0,-0.0028633729606470926
2025-12-02,18.836088399850624,2.342811277225177,0.0,-0.0027809649749414023
2025-12-03,18.837645101371272,2.3249748238107824,0.0,-0.0026985501786582766
2025-12-04,18.839201931544938,2.3095528206786855,0.0,-0.0026161285712351656
2025-12-05,18.840758890382258,2.342969408581393,0.0,-0.002533700152108742
2025-12-08,18.84231597789386,2.366288805318945,0.0,-0.002451264920716234
2025-12-09,18.84387319409038,2.350955048735242,0.0,-0.0023688228764947583
2025-12-10,18.845430538982455,2.355516721730235,0.0,-0.00228637401888121
2025-12-11,18.846209275781582,2.3170114842666405,0.49997933969670694,-0.002245146183097124
2025-12-12,18.805593673660617,2.3271819595468246,0.4988580009230091,-0.004395414895700611
2025-12-15,18.978937816835412,2.321815591539105,0.5033941433430162,0.0
2025-12-16,19.024866340026545,2.2833814960171996,0.5045520723040017,0.0
2025-12-17,19.046072417216322,2.303379468835919,0.5050628081932943,0.0
2025-12-18,18.968210420292262,2.3058949321229014,0.5029900846269009,-0.004088086783376799
2025-12-19,19.249920639072926,2.3394740956907096,0.5102230312752056,0.0
2025-12-22,19.28514932153788,2.3563161454152035,0.5110773160730794,0.0
2025-12-23,19.10930414240661,2.3444198735088926,0.5065374360175133,-0.009118165288711677
2025-12-24,19.110361648276218,2.3753224899788887,0.5065239628732965,-0.009063330044660645
2025-12-25,19.15859561574944,2.3993356605264817,0.5077256650733258,-0.006562236240872821
2025-12-26,19.18831313007932,2.4021109497846247,0.5084474442351646,-0.005021282949072781
2025-12-29,19.13004459011491,2.3980830165295606,0.5069094677263892,-0.008042703161740494
2025-12-30,19.00854787482802,2.3943938829952196,0.503716774929262,-0.014342717398664218
2025-12-31,19.12219032857973,2.3971188520545508,0.506625395970892,-0.008449973098012542
2026-01-05,19.193158599492104,2.4376780858782086,0.5084090648573106,-0.004770029026585743
2026-01-06,19.285384368589007,2.4719653968729327,0.5107194976726874,0.0
2026-01-07,19.313065311374046,2.4805143634583837,0.5113803929665804,0.0
2026-01-08,19.444282193284998,2.5065830862433094,0.5146376613286205,0.0
2026-01-09,19.547556438177832,2.5438079021280706,0.5171620417371301,0.0
2026-01-12,19.668479801112362,2.6023833593328187,0.0,0.0
2026-01-13,19.6701052953108,2.567850159660049,0.0,0.0
2026-01-14,19.6717309238476,2.5867277655218985,0.0,0.0
2026-01-15,19.67335668673387,2.573698277029329,0.0,0.0
2026-01-16,19.674982583980707,2.572467810053799,0.0,0.0
2026-01-19,19.67660861559922,2.5972574630635545,0.0,0.0
2026-01-20,19.678234781600512,2.583537857014962,0.0,0.0
2026-01-21,19.679861081995686,2.603400253273171,0.0,0.0
2026-01-22,19.681487516795848,2.6250694527361746,0.0,0.0
2026-01-23,19.68311408601211,2.666156093412327,0.0,0.0
2026-01-26,19.684740789655585,2.6354132298843647,0.0,0.0
2026-01-27,19.686367627737372,2.6327450410175066,0.0,0.0
2026-01-28,19.687994600268592,2.620688408190299,0.0,0.0
2026-01-29,19.68962170726035,2.602152883408618,0.0,0.0
2026-01-30,19.691248948723757,2.5932689882908435,0.0,0.0
2026-02-02,19.692876324669935,2.5293383533514375,0.0,0.0
2026-02-03,19.694503835109987,2.588748468477123,0.0,0.0
2026-02-04,19.69613148005504,2.6018354001805153,0.0,0.0
2026-02-05,19.697759259516204,2.57841737973885,0.0,0.0
2026-02-06,19.699387173504594,2.583836078451064,0.0,0.0
2026-02-09,19.701015222031327,2.6309235878895176,0.0,0.0
2026-02-10,19.70264340510753,2.63202816279877,0.0,0.0
2026-02-11,19.704271722744313,2.6273197237815156,0.0,0.0
2026-02-12,19.705900174952806,2.628786560983631,0.0,0.0
2026-02-13,19.707528761744122,2.60915141667536,0.0,0.0
2026-02-24,19.70915748312939,2.64311815284659,0.0,0.0
2026-02-25,19.71078633911973,2.6718794265504675,0.0,0.0
2026-02-26,19.71241532972627,2.6813447415207516,0.0,0.0
2026-02-27,19.714044454960128,2.7023738572037352,0.0,0.0
2026-03-02,19.71567371483244,2.6607764842501953,0.0,0.0
2026-03-03,19.716488412093394,2.570272143400262,0.4999793396967068,0.0
2026-03-04,19.68759102108223,2.5578431201312632,0.4992040260938696,-0.0014656459308158842
2026-03-05,19.865129200095303,2.5886543186062285,0.5036387102305698,0.0
2026-03-06,20.19390955851072,2.6281121411722843,0.5116796962028379,0.0
2026-03-09,20.065706944639807,2.6091784468732553,0.5085191344472146,-0.0063485781938089625
2026-03-10,20.306526861483828,2.6549953519196223,0.5143075860128759,0.0
2026-03-11,20.160435110317998,2.65395194690293,0.5107476054756929,-0.007194324867189739
2026-03-12,20.05498359094019,2.6358092182555097,0.5081344107645402,-0.012387311343760699
2026-03-13,20.024480231770855,2.6097931027919636,0.5073444382604859,-0.013889456904023323
2026-03-16,20.15673877173035,2.613158084025893,0.510536551954709,-0.007376351986492891
2026-03-17,19.98159432208523,2.562096555183128,0.506205457265805,-0.01600138426502229
2026-03-18,20.055308271057633,2.589587388175659,0.507979755972366,-0.012371322390077988
2026-03-19,19.762155789897967,2.5280669402643903,0.5006398451624249,-0.026807689729472672
2026-03-20,19.51111560204125,2.470968827368508,0.49417301657907803,-0.039170226640345085
2026-03-23,18.972729546434834,2.3459713390343566,1.0,-0.0656831827592762
2026-03-24,19.39022861992975,2.4257851072658,1.0,-0.04512333634423993
2026-03-25,19.74587104047081,2.4746706757648105,1.0,-0.027609636292675765
2026-03-26,19.352370956368443,2.4374955336529855,1.0,-0.04698764646578579
2026-03-27,20.099354163247458,2.4730846725934135,1.0,-0.010202271400203022
2026-03-30,20.21621383780995,2.4800611694846033,1.0,-0.004447487464987354
2026-03-31,20.05474955266999,2.441973713279553,0.9944613620279162,-0.01239883661697927
2026-04-01,20.214064627091926,2.4842342978399428,0.9945045601032333,-0.004553325884953718
2026-04-02,20.2300661000032,2.443774987883568,0.994508453048471,-0.00376532934470708
2026-04-03,19.875890155749087,2.3948566058613836,0.9944101351787532,-0.02120681240431843
2026-04-07,20.29580374433615,2.427672369510807,0.9945253352524032,-0.0005280625889805268
2026-04-08,20.449379672574054,2.5254868736378824,0.994566001221943,0.0
2026-04-09,20.339554497930916,2.5012879608671046,0.9945362083622561,-0.005370587098562751
2026-04-10,20.396369215548244,2.522489792120268,0.9945509776277276,-0.0025922770213370194
2026-04-13,20.520867106777768,2.527281265137196,0.994583588659448,0.0
2026-04-14,20.488662666780225,2.5549348155916976,0.9945746267080229,-0.0015693508383427535
2026-04-15,20.18021888517796,2.5450301759190523,0.994491247566841,-0.016600089061894252
2026-04-16,20.283483087600974,2.5833539520560618,0.9945188399433564,-0.01156793316488991
2026-04-17,20.175413396975483,2.589000846547875,0.994489024670529,-0.016834264751326544
2026-04-20,20.297911932554417,2.6091802594861657,0.9945218308757722,-0.010864802791384576
2026-04-21,20.239261641315505,2.6028716150852294,0.49100944349984665,-0.013722883345862802
2026-04-22,20.165836270330388,2.620061712211547,0.4891139509820732,-0.017300966601460965
2026-04-23,20.3126127728131,2.5904994632191762,0.4927636353719565,-0.010148417846138846
2026-04-24,20.143539385569827,2.574736423442405,0.4884639102493133,-0.018387513512200138
2026-04-27,20.278275200289123,2.5938722927427653,0.49182073664165626,-0.011821718118749436
2026-04-28,20.453027326434647,2.567524817295529,0.4961210171099265,-0.0033058924844707738
2026-04-29,20.610221741818005,2.6006454266991605,0.0,0.0
2026-04-30,20.611925065928897,2.6117302119789403,0.0,0.0
2026-05-06,20.613628530810377,2.656349662162227,0.0,0.0
2026-05-07,20.615332136474084,2.691835365922359,0.0,0.0
2026-05-08,20.617035882931642,2.7155283839775253,0.0,0.0
2026-05-11,20.618739770194694,2.745403861079751,0.0,0.0
2026-05-12,20.620443798274874,2.7207335118257925,0.0,0.0
2026-05-13,20.62214796718382,2.748856996512929,0.0,0.0
2026-05-14,20.623852276933174,2.6997049417634535,0.0,0.0
2026-05-15,20.625556727534573,2.6845148853454184,0.0,0.0
2026-05-18,20.62726131899966,2.687565059263349,0.0,0.0
2026-05-19,20.628966051340072,2.7145276499011493,0.0,0.0
2026-05-20,20.630670924567454,2.6997876642538547,0.0,0.0
2026-05-21,20.63237593869345,2.6216938290648306,0.0,0.0
2026-05-22,20.63408109372971,2.6692676166847296,0.0,0.0
2026-05-25,20.635786389687865,2.6745200967733487,0.0,0.0
2026-05-26,20.637491826579577,2.6413468697352984,0.0,0.0
2026-05-27,20.639197404416485,2.590416290994592,0.0,0.0
2026-05-28,20.64005026381336,2.6071241579355977,0.4999793396967066,0.0
2026-05-29,20.765213745142137,2.5449311908331125,0.5029521671116515,0.0
2026-06-01,21.104719193453978,2.564628529092085,0.510907612783635,0.0
2026-06-02,20.80221116097451,2.544149761037526,0.5037541690716623,-0.014333667731210253
2026-06-03,20.66288330590467,2.5384755974948923,0.5003667420827379,-0.020935407076458468
2026-06-04,20.435102848002234,2.517776831576163,0.4947558134272326,-0.031728275525193306
2026-06-05,20.43582218348092,2.5215183809553903,0.49473184363944755,-0.031694191419544215
2026-06-08,20.130919791282647,2.447208149215259,0.9999999999999998,-0.046141310540316116
2026-06-09,20.2005747997339,2.484426084649885,0.9999999999999998,-0.042840863478558644
2026-06-10,19.976315620430583,2.455066773130096,0.9999999999999998,-0.053466884002578485
2026-06-11,19.60552032059018,2.4326612858260246,0.9999999999999998,-0.0710361914376384
2026-06-12,20.028067036410057,2.459804844846289,0.9999999999999998,-0.05101475869803873
2026-06-15,20.053935915862525,2.519284336540038,0.9999999999999998,-0.049789019600761764
2026-06-16,19.98646256661304,2.5408370363268795,0.9999999999999998,-0.0529860936120764
2026-06-17,19.77058299822549,2.5355991354838423,0.9999999999999998,-0.0632150649814045
2026-06-18,19.645917751751824,2.532651832154386,0.9999999999999998,-0.06912204935446986
2026-06-22,19.440093743025855,2.5510827908167752,0.9999999999999998,-0.07887456047955554
2026-06-23,19.535096432604906,2.538187853959934,0.9999999999999998,-0.07437307013949368
2026-06-24,19.07535471273331,2.5197730039893025,0.9999999999999998,-0.09615690510348562
2026-06-25,18.65387202858756,2.493391648665842,0.9999999999999998,-0.11612792107779346
2026-06-26,18.18283605190965,2.4279413227211752,0.9999999999999998,-0.1384469091846815
2026-06-29,18.158937230202508,2.429185683669905,0.9999999999999998,-0.1395793014941018
2026-06-30,18.58349196763528,2.4691722210080203,0.9999999999999998,-0.1194627231335399
2026-07-01,19.129046125582313,2.51588055986952,0.9999999999999998,-0.09361285737857417
2026-07-02,19.128995320244687,2.489116442598189,0.9999999999999998,-0.09361526467606818
2026-07-03,19.26773653664337,2.509385544669183,0.9999999999999998,-0.08704132189450708
2026-07-06,18.96130478745881,2.4769344653356544,0.9999999999999998,-0.1015609061815893
2026-07-07,18.45898459242326,2.413370122115637,0.9712054361590526,-0.12536222712933998
2026-07-08,18.213480420569553,2.371573120567945,0.9708148950583539,-0.1369948941932
2026-07-09,18.29295590841491,2.3934305804353904,0.970939291011242,-0.13322912564082767
2026-07-10,18.852635784574446,2.4084242532162663,0.971799688453327,-0.10670994426583313
2026-07-13,18.229895375546864,2.3036102570626618,0.9708339444807,-0.13621710820008415
2026-07-14,18.498900192459473,2.3361643856513568,0.9712556921348495,-0.12347091553830047
2026-07-15,18.72621315957844,2.3378432366954103,1.0,-0.11270019809660758
2026-07-16,18.729751383902087,2.314240843662401,1.0,-0.11253254723656925
2026-07-17,18.537311033642087,2.1966458797927864,1.0,-0.12165090358597241
2026-07-20,19.010810522835264,2.146514231978174,1.0,-0.09921518743865487
2026-07-21,19.0933096917718,2.190033052818376,1.0,-0.09530614850853136
2026-07-22,19.442995327689637,2.171031123173803,1.0,-0.07873707536842067
2026-07-23,19.964951600596233,2.206047534853117,1.0,-0.05400534271080304
2026-07-24,18.83486811500858,2.147006510365681,0.9999999999999998,-0.10755182561961951
2026-07-27,19.320678111371038,2.215263133824662,0.9999999999999998,-0.08453280357486559
2026-07-28,18.950204209046756,2.188533692443639,0.9999999999999998,-0.10208688230618512
2026-07-29,18.842681786580027,2.2116921061545107,0.9999999999999998,-0.10718159223722645
2026-07-30,18.060196793240657,2.1619323050533024,0.9999999999999998,-0.1442578966488991
2026-07-31,18.63378540698816,2.2215969065506056,0.9999999999999998,-0.11707968079633224
2026-08-03,19.006479659888512,2.2421240765859474,0.9999999999999998,-0.09942039571018191
2026-08-04,19.366688052504593,2.2930786645869885,0.9592635297414083,-0.08235272523732362
2026-08-05,20.679865145131075,2.341998961322264,0.9618471538769785,-0.020130760538840997
2026-08-06,21.353934008974484,2.354622185114994,0.9630484519314965,0.0
2026-08-07,22.325983719996675,2.3827318608724655,0.9646543623552105,0.0
2026-08-10,22.28684514046573,2.4113604502184214,0.964589364591889,-0.0017530506167972026
2026-08-11,22.21348233563505,2.4017979828903364,0.9644694803738468,-0.005039033700488638
2026-08-12,22.744146074456072,2.431753032109024,0.9397046236768684,0.0
2026-08-13,22.33263984558518,2.4068421841224064,0.938588532645783,-0.01809284145132417
2026-08-14,22.841582425439135,2.411905174982193,0.9399519042624332,0.0
2026-08-17,23.960630922108884,2.4581398018913108,0.9427516375684564,0.0
2026-08-18,23.901168185618307,2.4528547602043793,0.9426044686741294,-0.0024816849223995296
2026-08-19,21.88023805474983,2.3426603366256225,0.937298048702039,-0.08682546274019176
2026-08-20,22.053638982513146,2.3716100259832826,0.9377859134753896,-0.07958855281377941
2026-08-21,22.143882588110394,2.3704996045938826,0.5375415060133373,-0.07582222437732822
2026-08-24,21.961536060346738,2.341507929313833,0.5336631783246233,-0.08343248006535364
2026-08-25,21.98155110795223,2.373582916404165,0.5340492907933581,-0.08259714949035513
2026-08-26,21.790768604139366,2.3791368733395615,0.5299309543887153,-0.09055948171912909
2026-08-27,22.582856328067145,2.415851357141951,0.546381015993069,-0.05750159912402153
2026-08-28,22.353439470251754,2.417456647771488,0.5416875792319713,-0.06707634106471494
2026-08-31,22.641034198968917,2.436339031878724,0.5474718359319631,-0.055073538231514285
2026-09-01,22.142068855558342,2.441124627269367,0.0,-0.07589792073765977
2026-09-02,22.143898778604253,2.4167384054309675,0.0,-0.07582154866499369
2026-09-03,22.14572885288348,2.4136588739978886,0.0,-0.0757451702805857
2026-09-04,22.14755907840851,2.402254247313002,0.0,-0.07566878558391477
2026-09-07,22.14938945519185,2.4285753033206148,0.0,-0.07559239457445877
2026-09-08,22.151219983246,2.444236919183917,0.0,-0.07551599725169622
2026-09-09,22.153050662583457,2.4362746666024595,0.0,-0.07543959361510555
2026-09-10,22.154881493216728,2.4049668653543925,0.0,-0.07536318366416472
2026-09-11,22.15671247515832,2.357286140979479,0.0,-0.07528676739835172
2026-09-14,22.15854360842073,2.369026327045734,0.0,-0.07521034481714495
2026-09-15,22.160374893016467,2.342228570718536,0.0,-0.07513391592002239
2026-09-16,22.16220632895804,2.377858689456443,0.0,-0.07505748070646201
2026-09-17,22.164037916257953,2.379690127168954,0.0,-0.0749810391759419
2026-09-18,22.16586965492872,2.419583262616604,0.0,-0.0749045913279398
2026-09-21,22.167701544982844,2.464358837554018,0.0,-0.07482813716193393
2026-09-22,22.169533586432845,2.467622792557669,0.0,-0.07475167667740179
2026-09-23,22.171365779291225,2.456695624785416,0.0,-0.07467520987382148
